district,lat,lng,month,temp,humidity,rainfall,ndvi,flora,score
Nilgiris,11.5318,76.5875,1,28.5,27.2,22.1,0.735,9.78,55.2
Nilgiris,11.3661,76.7066,1,27.8,27.2,15.2,0.605,8.4,48.5
Nilgiris,11.535,76.7435,1,28.4,30.9,24.3,0.601,9.61,51.5
Nilgiris,11.5494,76.6821,1,28.2,34.6,10.1,0.619,8.19,47.8
Nilgiris,11.5942,76.7611,1,30.1,32.3,16.1,0.795,8.76,52.0
Nilgiris,11.5056,76.8288,1,29.6,33.6,17.3,0.741,8.09,49.2
Nilgiris,11.4084,76.6668,1,27.9,27.3,3.0,0.656,9.27,52.3
Nilgiris,11.4494,76.6911,1,28.3,27.7,28.1,0.73,9.22,53.6
Nilgiris,11.3913,76.7987,1,28.2,28.8,29.7,0.728,9.11,53.3
Nilgiris,11.5454,76.8329,1,30.0,27.3,1.0,0.663,8.54,48.2
Nilgiris,11.4033,76.8629,2,30.3,28.1,19.7,0.679,9.83,52.2
Nilgiris,11.4777,76.6595,2,28.4,30.6,7.9,0.717,9.8,54.9
Nilgiris,11.4598,76.6458,2,30.7,30.1,2.7,0.609,8.22,45.2
Nilgiris,11.5282,76.8176,2,29.0,25.6,11.4,0.799,9.06,54.2
Nilgiris,11.6313,76.8382,2,27.7,32.2,20.5,0.707,8.53,51.6
Nilgiris,11.5323,76.6135,2,29.0,29.5,28.6,0.775,8.53,52.0
Nilgiris,11.4902,76.6336,2,30.4,33.7,9.0,0.728,9.22,51.4
Nilgiris,11.3859,76.8088,2,29.3,32.8,15.9,0.6,8.65,47.6
Nilgiris,11.3458,76.8587,2,30.3,33.3,9.2,0.612,9.76,50.3
Nilgiris,11.6241,76.6057,2,29.2,25.7,22.8,0.753,8.26,50.4
Nilgiris,11.4826,76.7449,3,34.8,33.7,12.7,0.642,9.08,44.5
Nilgiris,11.559,76.6403,3,35.0,35.0,19.5,0.688,9.04,45.3
Nilgiris,11.3763,76.6474,3,35.1,30.9,6.9,0.644,8.14,41.4
Nilgiris,11.5293,76.6487,3,37.3,33.6,2.1,0.648,9.34,44.2
Nilgiris,11.4043,76.6197,3,37.5,30.7,14.2,0.757,9.61,47.8
Nilgiris,11.3971,76.6091,3,35.4,29.2,14.0,0.746,9.35,47.3
Nilgiris,11.6352,76.6095,3,35.3,28.4,25.9,0.65,8.38,42.1
Nilgiris,11.4746,76.7066,3,34.8,27.5,27.7,0.689,9.72,47.6
Nilgiris,11.5051,76.5952,3,37.7,33.4,29.1,0.785,9.7,48.7
Nilgiris,11.3899,76.7257,3,34.6,29.0,1.8,0.676,9.97,48.2
Nilgiris,11.4196,76.8152,4,35.5,29.2,28.7,0.799,9.11,47.8
Nilgiris,11.5555,76.6264,4,34.9,34.7,17.4,0.708,9.5,47.3
Nilgiris,11.3571,76.7553,4,35.7,33.5,4.7,0.792,8.16,44.6
Nilgiris,11.3957,76.7585,4,36.4,27.4,3.6,0.778,8.49,44.9
Nilgiris,11.5184,76.7658,4,35.4,30.8,15.7,0.787,8.41,45.5
Nilgiris,11.5549,76.6516,4,35.3,31.7,9.0,0.663,9.5,45.8
Nilgiris,11.3618,76.7175,4,37.7,35.0,2.2,0.643,8.53,41.7
Nilgiris,11.62,76.8443,4,37.2,28.7,4.7,0.767,9.41,47.4
Nilgiris,11.5235,76.8762,4,36.3,25.1,24.5,0.66,9.33,44.5
Nilgiris,11.6217,76.6203,4,34.2,26.1,16.6,0.654,9.21,45.8
Nilgiris,11.5553,76.6411,5,36.2,27.6,14.7,0.781,9.69,48.6
Nilgiris,11.3677,76.7071,5,34.8,25.0,23.1,0.727,8.52,45.0
Nilgiris,11.5624,76.7455,5,35.4,25.1,2.3,0.777,9.81,49.4
Nilgiris,11.5037,76.8304,5,36.0,26.5,3.8,0.662,9.8,45.9
Nilgiris,11.5788,76.8382,5,37.3,27.1,7.5,0.621,9.56,44.2
Nilgiris,11.6052,76.7019,5,36.2,26.5,27.9,0.773,9.95,49.2
Nilgiris,11.5832,76.8444,5,33.8,32.4,10.0,0.786,9.6,50.7
Nilgiris,11.5992,76.8232,5,34.8,32.9,3.2,0.774,9.72,49.7
Nilgiris,11.4067,76.825,5,35.6,28.1,23.9,0.646,8.05,40.7
Nilgiris,11.3979,76.6785,5,37.2,34.7,8.4,0.728,8.8,44.6
Nilgiris,11.6343,76.7409,6,33.5,26.2,97.6,0.636,9.93,48.2
Nilgiris,11.4196,76.6125,6,32.0,32.3,45.1,0.721,9.02,49.1
Nilgiris,11.4556,76.753,6,31.5,32.1,20.1,0.785,9.08,51.4
Nilgiris,11.5558,76.8026,6,32.7,28.6,25.6,0.733,8.66,47.6
Nilgiris,11.4342,76.8344,6,32.9,28.0,44.7,0.682,8.8,46.6
Nilgiris,11.4287,76.6182,6,32.0,34.4,74.2,0.781,9.23,51.2
Nilgiris,11.4303,76.7444,6,30.7,27.9,54.4,0.716,9.31,51.1
Nilgiris,11.4795,76.7126,6,31.4,29.7,92.1,0.759,8.34,48.6
Nilgiris,11.3654,76.7346,6,32.6,28.4,85.5,0.75,9.35,50.2
Nilgiris,11.4074,76.6397,6,30.8,27.4,58.0,0.77,8.15,48.9
Nilgiris,11.4643,76.7689,7,31.3,32.0,59.6,0.649,9.31,48.9
Nilgiris,11.3417,76.8053,7,33.0,26.1,54.0,0.635,9.92,48.6
Nilgiris,11.4954,76.5951,7,31.5,33.5,56.5,0.76,9.34,51.5
Nilgiris,11.6364,76.7586,7,33.6,33.9,69.0,0.744,9.01,48.0
Nilgiris,11.5892,76.7444,7,33.4,32.4,58.0,0.652,8.49,44.4
Nilgiris,11.5313,76.8097,7,32.3,31.3,42.0,0.615,8.57,44.8
Nilgiris,11.4215,76.6759,7,32.3,26.4,38.5,0.739,9.41,50.4
Nilgiris,11.3593,76.7023,7,32.3,29.2,36.5,0.684,9.81,50.2
Nilgiris,11.5152,76.7887,7,33.3,32.7,50.4,0.601,8.7,43.8
Nilgiris,11.566,76.836,7,33.6,29.2,79.8,0.709,9.21,47.8
Nilgiris,11.4062,76.6458,8,32.0,25.3,46.9,0.736,8.81,48.8
Nilgiris,11.3895,76.7202,8,31.1,31.2,22.2,0.679,9.13,49.3
Nilgiris,11.3481,76.7728,8,31.1,29.6,24.0,0.676,8.42,47.1
Nilgiris,11.4381,76.8084,8,31.8,32.5,86.6,0.65,8.16,45.0
Nilgiris,11.3458,76.7418,8,33.7,28.5,72.0,0.756,9.3,49.1
Nilgiris,11.5663,76.8649,8,31.3,25.2,32.2,0.625,9.34,48.3
Nilgiris,11.5092,76.6454,8,32.8,32.7,33.4,0.721,9.5,49.7
Nilgiris,11.3744,76.8258,8,33.6,26.1,22.1,0.662,9.35,47.0
Nilgiris,11.6275,76.699,8,32.9,25.8,75.2,0.725,8.2,45.8
Nilgiris,11.5717,76.8351,8,32.5,26.2,98.7,0.757,8.69,48.5
Nilgiris,11.4685,76.6912,9,32.2,28.4,88.0,0.764,8.21,47.5
Nilgiris,11.6282,76.7707,9,33.2,32.1,54.8,0.747,9.93,51.3
Nilgiris,11.421,76.8225,9,32.3,29.8,54.8,0.746,8.54,48.0
Nilgiris,11.5955,76.8292,9,31.0,33.8,39.5,0.693,9.22,50.0
Nilgiris,11.4537,76.5886,9,33.3,26.8,37.0,0.76,8.68,47.7
Nilgiris,11.6041,76.7904,9,31.5,25.1,95.8,0.617,9.44,48.2
Nilgiris,11.4866,76.8074,9,32.8,31.5,59.3,0.759,8.19,46.7
Nilgiris,11.4065,76.7875,9,31.6,30.8,57.9,0.706,8.85,48.6
Nilgiris,11.5638,76.6792,9,32.8,27.7,40.1,0.624,8.39,44.0
Nilgiris,11.3759,76.7408,9,33.0,26.9,37.3,0.697,9.45,48.8
Nilgiris,11.633,76.7374,10,31.6,26.0,138.8,0.645,8.36,45.6
Nilgiris,11.3442,76.7402,10,31.5,34.7,210.7,0.739,8.25,47.7
Nilgiris,11.6005,76.7273,10,33.3,30.7,193.9,0.688,8.37,45.0
Nilgiris,11.3554,76.8623,10,32.1,33.2,180.1,0.615,9.26,47.0
Nilgiris,11.3561,76.6248,10,32.4,28.0,298.8,0.624,9.53,47.8
Nilgiris,11.5219,76.8172,10,31.4,30.2,190.1,0.689,9.72,51.0
Nilgiris,11.637,76.6716,10,32.6,31.1,248.0,0.79,8.42,48.4
Nilgiris,11.4033,76.7781,10,31.2,26.7,115.0,0.601,8.9,46.5
Nilgiris,11.5181,76.6674,10,31.4,32.1,240.6,0.691,9.37,50.0
Nilgiris,11.6172,76.8163,10,32.6,31.6,286.7,0.685,9.09,47.8
Nilgiris,11.5343,76.8525,11,33.2,25.7,133.2,0.662,9.5,47.8
Nilgiris,11.5108,76.6666,11,31.1,31.9,239.9,0.789,9.0,51.6
Nilgiris,11.4881,76.6041,11,30.8,29.3,164.5,0.65,8.18,46.0
Nilgiris,11.6286,76.8308,11,32.4,34.5,299.9,0.734,8.54,47.6
Nilgiris,11.3521,76.8069,11,32.1,31.5,283.2,0.636,9.17,47.3
Nilgiris,11.5304,76.7275,11,31.0,28.5,166.7,0.734,9.72,52.5
Nilgiris,11.4389,76.7881,11,31.6,34.5,262.7,0.71,8.91,48.9
Nilgiris,11.4344,76.677,11,33.6,29.0,202.9,0.798,9.32,50.3
Nilgiris,11.5028,76.704,11,31.3,28.6,251.3,0.725,9.52,51.4
Nilgiris,11.4011,76.7448,11,33.5,29.4,239.7,0.624,9.95,47.9
Nilgiris,11.5227,76.6518,12,28.2,30.5,210.5,0.619,9.98,53.2
Nilgiris,11.6139,76.7184,12,28.1,33.3,199.7,0.743,9.02,53.5
Nilgiris,11.422,76.8304,12,30.7,27.4,210.3,0.677,9.84,51.7
Nilgiris,11.4925,76.8438,12,30.3,27.8,258.0,0.683,9.87,52.4
Nilgiris,11.4923,76.8262,12,28.6,28.0,217.4,0.8,8.98,54.3
Nilgiris,11.3846,76.7416,12,28.7,30.5,208.7,0.691,8.64,50.5
Nilgiris,11.3966,76.7892,12,29.4,27.3,255.1,0.609,9.49,50.3
Nilgiris,11.5516,76.8234,12,28.9,31.6,264.1,0.796,8.99,54.0
Nilgiris,11.3511,76.7307,12,29.5,33.7,274.8,0.688,9.05,50.9
Nilgiris,11.4771,76.7967,12,28.9,31.5,130.9,0.694,9.94,54.3
Coimbatore,10.9616,77.0078,1,28.7,54.5,25.6,0.272,6.76,40.2
Coimbatore,10.955,77.0156,1,29.1,54.7,1.1,0.114,7.26,37.4
Coimbatore,11.1363,77.0992,1,29.0,50.3,3.0,0.227,7.75,40.0
Coimbatore,10.9931,77.0082,1,29.5,46.5,23.9,0.159,6.75,33.3
Coimbatore,10.9037,76.9593,1,28.5,53.9,5.1,0.116,7.74,39.2
Coimbatore,11.0459,76.8722,1,29.5,47.4,13.8,0.151,6.51,32.8
Coimbatore,10.8628,77.0414,1,29.5,52.8,4.7,0.188,6.69,36.4
Coimbatore,11.0363,76.9917,1,28.1,48.5,25.4,0.14,6.77,35.1
Coimbatore,11.005,76.8712,1,28.5,51.7,29.8,0.159,7.96,40.0
Coimbatore,11.0575,76.8823,1,28.5,52.9,22.3,0.11,7.21,37.0
Coimbatore,11.009,77.0712,2,27.6,54.0,18.2,0.17,7.27,40.1
Coimbatore,11.0463,77.0033,2,29.0,52.6,25.2,0.226,7.81,41.1
Coimbatore,11.0539,76.8927,2,28.1,51.8,22.0,0.118,6.59,35.3
Coimbatore,11.0842,76.8527,2,27.2,51.4,29.1,0.206,7.83,42.0
Coimbatore,11.1091,76.8771,2,29.3,50.8,24.2,0.249,6.68,37.3
Coimbatore,10.8946,77.0889,2,27.2,55.7,25.8,0.245,7.96,45.1
Coimbatore,11.1502,77.0414,2,27.9,53.9,0.4,0.207,6.91,39.6
Coimbatore,11.0618,77.0017,2,28.5,54.2,28.2,0.122,6.47,35.6
Coimbatore,10.8675,77.0653,2,28.5,55.2,6.6,0.113,7.65,39.3
Coimbatore,11.1328,76.8907,2,28.0,47.4,28.4,0.161,6.99,35.9
Coimbatore,10.8892,77.0662,3,33.3,50.5,20.1,0.249,7.89,36.8
Coimbatore,10.9857,77.0227,3,33.4,50.1,3.0,0.198,6.82,32.0
Coimbatore,11.1455,76.8098,3,34.3,50.4,28.5,0.271,6.2,31.2
Coimbatore,11.0657,76.9633,3,36.7,49.6,11.9,0.138,6.24,26.0
Coimbatore,11.1144,76.9364,3,35.4,52.4,17.9,0.104,7.57,30.9
Coimbatore,10.9331,76.8378,3,35.0,46.7,23.0,0.141,6.43,26.5
Coimbatore,11.1209,76.8986,3,33.4,55.0,0.1,0.272,6.29,34.3
Coimbatore,10.899,76.8752,3,33.5,52.6,0.8,0.103,7.58,32.9
Coimbatore,10.9314,76.8971,3,33.5,46.5,22.3,0.205,7.49,32.7
Coimbatore,11.0029,77.0334,3,34.8,47.1,15.1,0.289,6.09,29.5
Coimbatore,11.095,77.0601,4,34.9,50.6,28.9,0.112,6.96,29.0
Coimbatore,10.9805,77.0058,4,34.8,55.1,2.2,0.116,7.22,31.8
Coimbatore,10.8797,76.8825,4,35.3,51.5,9.8,0.299,7.06,34.0
Coimbatore,10.9961,76.9816,4,33.2,53.0,25.6,0.23,7.54,36.4
Coimbatore,11.0763,76.8645,4,34.6,48.3,10.2,0.191,6.83,30.0
Coimbatore,10.8885,76.928,4,35.5,49.7,4.6,0.285,6.13,29.9
Coimbatore,11.1095,76.828,4,33.2,53.4,24.4,0.211,7.17,35.0
Coimbatore,11.0285,76.8989,4,33.3,49.5,20.0,0.25,7.74,36.0
Coimbatore,11.0763,77.0905,4,35.2,49.5,17.3,0.143,7.31,30.1
Coimbatore,10.9273,76.8325,4,36.2,49.7,22.9,0.215,7.61,32.1
Coimbatore,11.1135,77.0924,5,36.1,52.1,19.3,0.105,7.86,31.0
Coimbatore,11.1088,76.8802,5,33.5,53.0,9.3,0.168,6.01,29.9
Coimbatore,11.121,76.9699,5,34.4,47.4,19.0,0.106,7.49,29.7
Coimbatore,10.9245,76.9259,5,34.2,49.7,21.6,0.255,7.14,33.5
Coimbatore,10.8855,76.8158,5,33.4,52.2,20.2,0.154,7.32,33.3
Coimbatore,11.0057,76.9326,5,33.9,53.5,3.4,0.186,6.57,31.8
Coimbatore,11.0635,76.946,5,35.5,46.5,11.9,0.22,6.02,26.6
Coimbatore,10.9504,76.8634,5,33.3,48.6,9.8,0.102,7.49,31.2
Coimbatore,10.9127,76.9141,5,35.6,51.0,25.0,0.261,6.14,29.8
Coimbatore,11.1185,76.8127,5,32.9,55.2,25.9,0.215,7.15,36.0
Coimbatore,11.0728,76.9253,6,30.1,46.2,46.0,0.26,7.24,36.6
Coimbatore,11.1096,77.0759,6,30.1,54.4,39.5,0.218,7.05,38.2
Coimbatore,10.9787,76.8931,6,30.8,49.3,33.5,0.202,6.23,32.7
Coimbatore,11.013,77.0718,6,30.8,53.3,85.5,0.263,6.47,36.5
Coimbatore,10.9039,76.8592,6,31.6,53.6,72.4,0.135,7.55,35.9
Coimbatore,11.0082,77.0263,6,32.1,50.5,93.9,0.213,7.27,35.2
Coimbatore,11.0474,77.0593,6,31.7,47.5,25.5,0.188,6.61,31.8
Coimbatore,10.9424,76.8169,6,31.3,49.1,56.2,0.111,7.66,34.1
Coimbatore,10.883,77.0593,6,32.4,52.2,60.6,0.193,7.11,34.6
Coimbatore,11.0975,77.0688,6,31.1,54.1,72.1,0.164,6.95,35.5
Coimbatore,10.9053,76.8186,7,30.1,55.0,47.5,0.243,7.01,39.0
Coimbatore,10.9118,76.8743,7,31.1,50.4,61.8,0.132,6.75,32.6
Coimbatore,10.9449,76.9226,7,30.8,52.0,83.1,0.229,6.13,34.1
Coimbatore,10.8884,77.0035,7,30.6,53.2,72.5,0.281,7.75,41.0
Coimbatore,10.96,76.9748,7,30.2,49.5,97.4,0.24,6.78,35.9
Coimbatore,11.0385,77.0814,7,30.7,49.8,83.3,0.263,7.34,37.8
Coimbatore,11.1087,77.0216,7,31.8,51.3,71.7,0.185,6.72,33.5
Coimbatore,10.9688,76.8541,7,30.4,55.5,58.9,0.145,6.28,34.3
Coimbatore,10.8831,77.0533,7,30.1,53.7,86.8,0.277,6.08,36.5
Coimbatore,10.961,77.0299,7,30.2,49.8,33.0,0.266,7.54,39.0
Coimbatore,11.1027,76.8497,8,31.1,50.1,74.1,0.148,6.89,33.3
Coimbatore,10.9455,77.0246,8,31.1,51.3,44.8,0.262,6.94,36.8
Coimbatore,11.1105,76.9104,8,32.6,55.8,56.9,0.156,6.76,33.9
Coimbatore,11.0182,77.0899,8,32.2,54.0,31.1,0.15,7.28,35.0
Coimbatore,11.1222,76.9664,8,30.1,54.5,88.1,0.157,7.53,38.2
Coimbatore,10.9418,77.0716,8,30.2,50.4,95.7,0.144,6.9,34.3
Coimbatore,10.9649,76.808,8,29.9,51.0,38.9,0.299,6.75,38.2
Coimbatore,10.8685,77.0792,8,32.3,52.5,83.3,0.128,6.57,31.6
Coimbatore,11.1089,77.0088,8,30.2,53.1,55.9,0.101,6.16,32.0
Coimbatore,10.9368,77.0505,8,31.4,53.3,62.2,0.122,6.58,32.7
Coimbatore,10.9503,76.8143,9,31.0,53.9,56.6,0.122,7.81,37.0
Coimbatore,11.039,76.8049,9,31.3,48.4,31.5,0.186,7.23,34.4
Coimbatore,10.9322,76.925,9,31.8,46.9,98.0,0.114,7.05,31.0
Coimbatore,11.0122,77.0965,9,31.5,49.9,57.6,0.227,7.96,38.0
Coimbatore,10.9361,76.8049,9,32.2,49.4,78.6,0.226,7.54,35.8
Coimbatore,11.0806,76.8998,9,29.9,51.5,85.1,0.135,7.56,36.8
Coimbatore,10.9994,77.0086,9,31.7,54.1,25.0,0.255,6.92,37.1
Coimbatore,10.948,76.8131,9,30.4,46.4,94.7,0.203,7.98,37.2
Coimbatore,11.0229,76.876,9,32.0,47.9,48.6,0.256,7.73,36.8
Coimbatore,10.9596,76.8373,9,30.9,54.9,79.5,0.279,6.77,38.4
Coimbatore,11.1521,76.9489,10,31.3,55.2,203.9,0.26,7.45,39.6
Coimbatore,10.8837,76.9807,10,32.3,51.5,164.2,0.116,7.32,33.2
Coimbatore,10.9519,76.9808,10,31.1,52.9,170.3,0.108,7.74,36.0
Coimbatore,10.9658,77.0994,10,30.6,55.8,289.6,0.115,7.28,36.4
Coimbatore,10.969,77.0403,10,31.8,55.5,128.6,0.222,7.56,38.6
Coimbatore,10.8704,76.8202,10,32.1,49.7,176.6,0.213,7.21,34.7
Coimbatore,11.0637,77.0846,10,30.9,53.6,214.8,0.206,6.8,36.1
Coimbatore,11.0549,76.8749,10,30.1,53.4,199.8,0.177,7.12,37.1
Coimbatore,10.9385,76.8781,10,31.1,56.0,157.1,0.283,6.98,39.3
Coimbatore,10.8968,77.0558,10,31.1,55.0,189.0,0.118,7.36,35.9
Coimbatore,11.1137,76.8959,11,30.8,46.6,208.4,0.278,7.7,37.9
Coimbatore,11.0735,77.0782,11,31.7,53.9,201.8,0.124,6.4,32.2
Coimbatore,10.9017,77.0371,11,29.9,51.5,173.8,0.261,7.1,38.5
Coimbatore,11.0436,76.8259,11,30.7,56.0,243.8,0.205,7.54,39.4
Coimbatore,11.107,76.8221,11,32.7,52.4,190.0,0.236,6.69,34.2
Coimbatore,11.1234,77.0341,11,31.7,47.8,293.3,0.187,7.82,35.5
Coimbatore,10.8766,76.8372,11,30.2,47.6,164.5,0.242,6.69,35.0
Coimbatore,11.1423,77.0685,11,32.3,48.5,227.0,0.21,6.25,31.1
Coimbatore,10.9508,76.96,11,31.3,47.7,288.3,0.131,7.32,33.0
Coimbatore,11.0762,76.9815,11,32.3,51.6,265.0,0.106,6.09,29.3
Coimbatore,11.0524,76.973,12,28.7,53.7,183.3,0.228,7.0,39.5
Coimbatore,11.0481,76.8869,12,29.7,50.8,260.9,0.237,6.59,36.3
Coimbatore,10.8819,76.818,12,28.1,50.8,140.8,0.221,6.63,37.6
Coimbatore,11.0755,77.0203,12,29.4,55.8,126.2,0.174,7.12,38.6
Coimbatore,10.9557,76.9399,12,27.6,48.5,119.4,0.158,6.77,36.1
Coimbatore,11.0446,76.8745,12,29.4,47.6,165.5,0.216,6.63,34.9
Coimbatore,11.0889,76.9495,12,28.3,51.0,161.7,0.105,7.89,38.4
Coimbatore,11.0116,77.09,12,27.4,49.5,110.1,0.199,7.76,40.7
Coimbatore,11.0563,76.9412,12,28.4,54.5,186.2,0.276,7.46,42.7
Coimbatore,11.0892,76.9098,12,28.0,51.7,138.9,0.211,6.15,36.4
Madurai,9.9213,78.1893,1,31.8,50.9,20.4,0.124,6.93,32.4
Madurai,9.8882,78.1985,1,32.0,50.4,22.6,0.14,5.53,28.2
Madurai,9.92,77.9736,1,31.4,44.3,14.2,0.191,5.82,28.6
Madurai,9.9247,78.0584,1,32.8,42.6,29.7,0.248,4.9,25.1
Madurai,9.8709,78.2085,1,32.6,48.1,9.0,0.263,5.11,28.5
Madurai,9.9721,78.254,1,32.7,49.0,21.8,0.238,4.08,25.1
Madurai,9.9124,78.2501,1,33.3,48.8,17.3,0.244,5.75,29.6
Madurai,9.8212,78.1487,1,32.8,49.4,4.4,0.236,4.09,25.1
Madurai,10.0545,77.993,1,31.0,44.1,4.5,0.238,5.23,28.3
Madurai,10.0025,78.2362,1,33.6,48.4,1.9,0.128,4.62,22.8
Madurai,9.8675,78.1587,2,32.6,44.1,5.2,0.282,5.03,27.2
Madurai,9.8763,78.1916,2,33.1,47.4,20.8,0.222,4.58,25.1
Madurai,9.844,78.1274,2,31.7,50.7,8.9,0.158,4.62,26.4
Madurai,9.9815,78.0551,2,32.0,50.3,23.9,0.155,4.37,25.1
Madurai,9.973,78.0739,2,33.9,49.2,28.6,0.261,4.87,26.9
Madurai,9.8563,78.1742,2,32.0,45.4,7.7,0.196,4.61,24.9
Madurai,9.9316,78.2399,2,33.1,42.4,18.5,0.217,4.73,23.5
Madurai,9.971,78.1193,2,32.9,41.5,12.4,0.243,4.3,22.7
Madurai,10.0012,77.9616,2,32.6,50.3,12.2,0.287,6.64,34.6
Madurai,9.9132,78.0198,2,33.9,44.2,19.4,0.282,4.27,23.6
Madurai,9.9422,78.1205,3,39.9,50.4,27.4,0.135,6.65,27.5
Madurai,9.8227,78.2359,3,41.0,45.0,14.9,0.287,6.89,29.8
Madurai,10.0478,78.223,3,37.0,46.7,3.2,0.297,4.85,24.7
Madurai,10.0667,78.123,3,39.0,50.4,25.5,0.194,4.58,22.7
Madurai,9.8038,78.0087,3,38.8,43.6,5.6,0.247,6.37,26.7
Madurai,9.9403,78.1872,3,37.7,49.6,26.9,0.265,5.55,27.1
Madurai,9.796,78.1608,3,37.7,42.4,9.7,0.15,4.78,19.0
Madurai,9.8407,78.1861,3,40.8,44.0,21.7,0.102,5.96,22.0
Madurai,9.9778,77.9786,3,37.5,44.1,12.2,0.201,6.69,26.7
Madurai,9.9811,78.0533,3,37.4,50.2,8.9,0.223,4.66,23.6
Madurai,9.8101,78.006,4,40.0,47.1,12.5,0.21,5.41,24.3
Madurai,9.9313,78.1592,4,37.9,43.5,22.6,0.275,4.25,21.0
Madurai,9.904,78.1711,4,37.3,46.6,1.9,0.21,5.52,24.4
Madurai,9.9418,78.005,4,38.3,46.2,3.5,0.141,5.75,23.3
Madurai,9.7973,78.1131,4,40.2,45.5,15.4,0.191,4.17,19.5
Madurai,9.9087,78.2021,4,39.9,45.0,24.5,0.249,5.73,25.4
Madurai,9.7836,78.0634,4,37.2,50.9,28.0,0.114,6.8,27.6
Madurai,9.7795,78.0827,4,40.1,48.7,29.3,0.229,5.26,25.0
Madurai,10.0679,78.0747,4,40.5,50.1,11.3,0.237,5.99,27.9
Madurai,9.9318,78.1561,4,38.4,42.8,16.1,0.206,6.18,24.8
Madurai,9.8368,77.961,5,37.1,44.0,20.2,0.209,5.6,23.6
Madurai,10.017,78.0343,5,38.4,43.8,28.1,0.245,4.34,20.7
Madurai,10.0128,78.0858,5,40.0,49.8,0.5,0.141,4.3,20.4
Madurai,9.7801,78.1393,5,39.8,41.5,22.2,0.18,4.7,19.2
Madurai,9.8352,78.2191,5,37.2,46.0,8.7,0.263,6.19,27.6
Madurai,9.8657,78.1394,5,39.7,44.2,9.1,0.129,5.98,22.8
Madurai,9.8363,78.0502,5,37.2,50.5,26.4,0.282,5.88,28.9
Madurai,9.8982,78.1087,5,40.9,50.4,20.1,0.257,4.96,25.5
Madurai,9.8949,78.0048,5,38.5,48.5,14.2,0.27,4.9,24.9
Madurai,9.9823,78.2017,5,40.6,46.6,29.0,0.211,4.4,21.1
Madurai,9.8429,78.021,6,35.9,50.2,87.8,0.118,6.17,25.7
Madurai,9.8271,78.0405,6,36.0,47.0,89.9,0.138,6.29,25.1
Madurai,9.9873,78.1277,6,35.4,49.7,46.6,0.291,4.05,23.9
Madurai,10.0511,78.2486,6,34.3,51.0,58.3,0.149,5.81,27.3
Madurai,9.8314,78.2345,6,35.6,48.8,50.5,0.207,5.08,24.3
Madurai,9.8485,78.1138,6,35.5,42.0,98.5,0.194,6.52,25.7
Madurai,10.0443,78.0712,6,35.2,46.6,37.7,0.129,4.78,21.0
Madurai,10.0504,78.1337,6,35.2,42.5,46.4,0.176,6.5,25.7
Madurai,9.9198,78.1564,6,36.0,43.6,85.7,0.293,5.93,26.5
Madurai,9.9172,78.0105,6,36.4,42.7,77.6,0.198,6.75,26.3
Madurai,9.9326,78.1525,7,34.2,41.3,87.7,0.289,6.0,27.6
Madurai,9.9993,78.0837,7,36.5,43.3,76.6,0.102,5.52,20.4
Madurai,9.882,78.1454,7,36.0,47.2,58.7,0.198,4.02,19.9
Madurai,9.9355,77.9636,7,35.6,43.7,98.2,0.103,6.44,23.8
Madurai,9.9722,78.2019,7,36.7,42.1,27.7,0.13,4.58,17.8
Madurai,9.9279,78.2046,7,34.8,45.0,49.8,0.181,5.7,24.8
Madurai,10.0671,78.0278,7,36.0,49.5,72.3,0.272,6.28,29.4
Madurai,9.7981,78.0738,7,35.6,41.6,20.8,0.134,5.5,20.9
Madurai,9.9002,78.1953,7,35.7,49.6,27.6,0.206,4.13,21.7
Madurai,9.8334,78.2204,7,36.6,45.8,23.7,0.115,6.78,25.5
Madurai,10.0398,78.1291,8,34.1,50.3,45.2,0.292,5.76,30.6
Madurai,9.9957,78.1738,8,35.2,41.8,33.0,0.148,6.5,24.7
Madurai,9.8867,78.229,8,35.0,48.6,31.2,0.298,6.17,30.4
Madurai,9.9202,78.2523,8,34.1,45.4,87.1,0.168,6.31,27.2
Madurai,10.0565,78.079,8,36.3,41.3,41.9,0.299,5.47,24.4
Madurai,9.8767,78.2423,8,35.3,47.8,72.9,0.117,5.86,24.3
Madurai,10.0094,78.1739,8,34.2,42.5,76.9,0.227,6.22,27.1
Madurai,9.865,77.992,8,34.0,44.1,48.8,0.154,4.4,20.7
Madurai,9.8262,78.0947,8,35.6,45.1,22.1,0.171,4.28,19.5
Madurai,9.9494,78.0573,8,35.1,43.9,51.0,0.117,6.7,25.5
Madurai,10.0416,78.2535,9,35.7,42.7,50.5,0.128,4.9,19.3
Madurai,9.9179,77.979,9,35.3,45.2,58.7,0.115,4.76,19.9
Madurai,9.844,78.1475,9,35.8,43.0,28.6,0.161,6.85,26.0
Madurai,9.8697,78.1461,9,36.4,44.3,46.8,0.263,6.58,28.0
Madurai,10.0623,78.0008,9,34.9,50.5,36.1,0.163,6.89,30.1
Madurai,10.0606,78.0474,9,36.1,45.9,66.1,0.148,5.13,21.5
Madurai,10.0149,78.0779,9,34.3,46.6,67.4,0.209,6.05,27.7
Madurai,9.935,78.2459,9,35.4,48.1,55.1,0.158,6.08,26.0
Madurai,10.0157,78.1987,9,35.2,46.0,70.7,0.148,5.98,24.8
Madurai,9.9846,78.1967,9,34.2,50.9,58.3,0.18,5.52,27.2
Madurai,10.0461,78.1675,10,35.6,48.9,171.9,0.279,5.61,27.8
Madurai,9.9615,77.9855,10,36.3,47.6,171.0,0.229,4.13,21.2
Madurai,10.0651,78.1632,10,35.2,48.5,293.1,0.186,4.03,20.9
Madurai,9.8476,78.1132,10,35.5,46.8,215.0,0.189,5.17,23.5
Madurai,10.0017,78.1366,10,35.5,44.4,104.9,0.121,5.25,21.0
Madurai,10.0585,77.9948,10,36.8,42.4,162.4,0.191,4.62,19.6
Madurai,9.9149,78.1028,10,35.3,48.0,163.8,0.16,6.43,27.2
Madurai,9.8045,78.2148,10,35.9,47.8,132.9,0.297,4.73,24.8
Madurai,9.8223,78.008,10,35.7,50.6,146.4,0.181,4.55,22.7
Madurai,9.9621,78.0896,10,34.1,47.1,139.5,0.218,5.17,25.7
Madurai,9.9814,78.0217,11,36.2,49.1,112.5,0.12,6.62,26.5
Madurai,9.8261,78.0578,11,35.4,43.6,272.5,0.206,5.92,24.9
Madurai,9.9491,78.1434,11,35.7,44.5,269.1,0.223,6.44,27.0
Madurai,9.9818,78.0492,11,35.8,41.8,126.8,0.124,4.92,18.8
Madurai,9.8249,78.168,11,35.5,45.2,127.6,0.177,4.56,20.7
Madurai,9.9607,78.168,11,35.9,51.0,211.0,0.198,4.42,22.7
Madurai,9.8644,78.0953,11,34.1,44.6,101.9,0.127,6.45,26.3
Madurai,10.0591,78.1116,11,35.5,47.8,183.1,0.268,5.47,26.7
Madurai,9.7948,77.9693,11,36.3,43.9,155.0,0.208,4.5,20.3
Madurai,9.9072,78.1828,11,36.3,46.5,122.6,0.123,6.33,24.6
Madurai,10.017,78.0701,12,33.4,41.4,243.8,0.209,6.97,29.3
Madurai,9.8007,78.209,12,33.2,44.0,299.9,0.19,5.05,24.3
Madurai,10.015,78.0917,12,34.0,48.8,147.4,0.262,5.76,29.4
Madurai,9.8752,78.1732,12,32.9,42.7,127.8,0.141,4.62,21.6
Madurai,9.7878,78.0652,12,31.8,46.4,164.7,0.241,4.87,27.4
Madurai,9.8502,78.2174,12,33.9,47.8,119.0,0.293,6.36,31.6
Madurai,10.0456,78.2577,12,33.6,42.3,273.2,0.15,6.13,25.5
Madurai,10.0185,78.1884,12,33.0,45.9,215.5,0.154,5.24,24.9
Madurai,9.9056,78.1501,12,33.6,41.9,203.1,0.156,6.81,27.5
Madurai,9.8807,78.2451,12,32.0,41.0,254.8,0.247,6.19,29.1
Chennai,13.0675,80.3192,1,30.2,52.6,16.0,0.144,1.86,20.0
Chennai,12.9936,80.2006,1,31.6,55.4,17.3,0.213,1.97,21.8
Chennai,13.0331,80.3248,1,29.3,53.0,23.5,0.192,1.25,20.4
Chennai,13.1873,80.2524,1,29.1,61.6,6.1,0.238,1.26,25.3
Chennai,13.125,80.1677,1,31.9,54.7,19.6,0.15,1.74,19.0
Chennai,13.2011,80.1697,1,30.3,55.1,21.0,0.147,2.31,22.3
Chennai,13.1411,80.1203,1,30.6,53.3,6.8,0.236,1.02,19.7
Chennai,13.1387,80.3651,1,32.1,56.2,4.0,0.114,1.77,18.5
Chennai,13.1492,80.1507,1,30.1,60.8,4.1,0.255,2.51,28.1
Chennai,12.9699,80.4179,1,29.5,57.3,0.3,0.23,1.88,24.8
Chennai,13.1467,80.3084,2,29.6,56.1,20.6,0.272,1.17,23.2
Chennai,12.9601,80.3457,2,30.9,55.8,28.9,0.163,1.28,19.3
Chennai,13.0131,80.1453,2,30.8,58.0,18.2,0.256,2.38,25.9
Chennai,13.1844,80.3175,2,30.0,57.2,15.3,0.25,1.59,23.9
Chennai,12.9464,80.3894,2,32.0,56.9,3.4,0.2,2.19,22.3
Chennai,13.0885,80.4133,2,32.1,61.3,4.0,0.272,2.14,25.6
Chennai,13.0396,80.3249,2,31.4,61.5,23.1,0.103,1.14,19.2
Chennai,13.0087,80.1319,2,29.3,59.9,15.2,0.226,2.0,26.3
Chennai,13.0546,80.3305,2,29.4,57.4,18.5,0.155,1.62,22.3
Chennai,13.0834,80.181,2,31.5,57.4,11.7,0.227,2.67,25.1
Chennai,13.1343,80.1398,3,37.9,59.3,25.4,0.112,1.17,14.0
Chennai,13.0603,80.256,3,37.6,55.1,22.3,0.248,1.24,16.0
Chennai,13.1424,80.3304,3,35.8,61.5,15.7,0.257,2.44,22.5
Chennai,12.9801,80.1581,3,38.2,54.7,26.6,0.254,1.06,15.4
Chennai,13.1721,80.2016,3,35.4,59.1,17.3,0.115,1.91,16.9
Chennai,13.038,80.2699,3,37.4,55.7,7.7,0.121,2.15,15.7
Chennai,13.1468,80.1885,3,37.2,52.4,25.9,0.149,1.94,14.5
Chennai,13.0449,80.165,3,38.8,60.6,16.6,0.283,2.48,22.8
Chennai,13.0558,80.2165,3,36.8,59.2,8.1,0.116,1.75,15.8
Chennai,13.0806,80.3906,3,35.8,60.0,29.4,0.291,1.14,18.9
Chennai,13.0695,80.2047,4,38.5,55.3,16.6,0.102,1.4,12.9
Chennai,13.0991,80.2112,4,37.6,56.6,17.8,0.199,2.55,19.2
Chennai,12.9886,80.3901,4,38.2,54.5,0.2,0.182,1.47,14.7
Chennai,13.0339,80.3719,4,38.6,61.5,0.0,0.231,2.7,22.5
Chennai,13.1482,80.1512,4,37.2,54.4,14.8,0.112,2.99,17.5
Chennai,13.1435,80.1479,4,38.8,61.0,15.6,0.24,1.74,19.6
Chennai,13.2224,80.1455,4,35.5,53.3,24.6,0.115,2.14,15.1
Chennai,13.0605,80.4093,4,36.1,54.6,9.5,0.26,2.4,19.5
Chennai,13.1506,80.2154,4,36.2,52.7,6.1,0.256,2.17,18.0
Chennai,12.9766,80.1693,4,37.0,56.1,16.1,0.293,1.42,18.0
Chennai,13.0225,80.1995,5,35.6,53.6,20.6,0.265,2.39,19.7
Chennai,12.9421,80.3708,5,36.4,52.9,7.4,0.171,2.03,15.5
Chennai,13.1332,80.1981,5,39.1,52.3,12.1,0.19,2.5,17.2
Chennai,13.005,80.2586,5,38.3,53.4,0.4,0.266,2.97,20.9
Chennai,12.9692,80.3671,5,36.6,58.3,19.3,0.216,1.52,17.3
Chennai,13.1738,80.1265,5,35.4,61.0,13.3,0.126,2.81,20.6
Chennai,13.1788,80.2195,5,35.3,56.6,5.0,0.215,2.64,20.6
Chennai,13.0485,80.1288,5,37.9,53.7,6.4,0.137,1.56,13.6
Chennai,13.195,80.1304,5,37.6,54.5,8.9,0.182,2.1,16.7
Chennai,12.9483,80.2039,5,35.7,54.0,26.5,0.205,2.26,17.8
Chennai,13.1707,80.3585,6,35.1,59.8,48.7,0.209,1.97,20.0
Chennai,13.2038,80.2707,6,33.3,53.8,45.5,0.144,2.79,20.2
Chennai,13.1636,80.1376,6,35.1,57.3,81.3,0.3,2.95,24.2
Chennai,12.96,80.3171,6,32.9,60.2,93.4,0.111,2.99,22.9
Chennai,12.9958,80.374,6,34.5,55.5,87.1,0.269,1.35,18.5
Chennai,13.1078,80.3619,6,34.2,61.1,22.3,0.24,2.9,24.9
Chennai,13.0991,80.2889,6,32.7,61.9,90.5,0.198,1.62,21.9
Chennai,13.0771,80.1471,6,32.8,54.2,62.1,0.1,2.84,19.9
Chennai,12.9904,80.1591,6,34.3,61.2,87.5,0.165,1.04,17.4
Chennai,13.106,80.3952,6,34.4,60.5,88.9,0.292,1.75,22.3
Chennai,13.2126,80.2387,7,32.4,55.0,30.9,0.132,2.9,21.6
Chennai,13.1676,80.4082,7,34.1,53.7,97.5,0.239,2.86,21.9
Chennai,13.1661,80.187,7,33.9,53.8,44.5,0.238,1.25,17.3
Chennai,13.1486,80.4046,7,35.0,55.9,99.5,0.293,1.06,17.9
Chennai,13.1107,80.3963,7,35.0,54.2,65.2,0.287,1.28,17.7
Chennai,13.1536,80.1914,7,35.1,53.7,90.8,0.118,2.42,16.6
Chennai,13.1217,80.386,7,33.5,54.7,40.0,0.114,1.51,15.8
Chennai,12.9624,80.1204,7,33.3,59.3,97.5,0.277,1.99,23.3
Chennai,13.0436,80.2838,7,32.4,56.8,89.1,0.23,2.37,23.2
Chennai,12.9788,80.1421,7,34.7,54.9,45.5,0.29,1.15,18.0
Chennai,12.981,80.2326,8,34.3,57.5,91.8,0.119,2.19,18.2
Chennai,13.1141,80.2648,8,32.2,61.4,33.2,0.278,1.31,23.3
Chennai,12.9604,80.1817,8,32.7,59.0,77.8,0.246,1.53,21.6
Chennai,13.0145,80.1913,8,32.3,57.7,87.2,0.131,1.72,19.2
Chennai,13.0583,80.2084,8,34.1,58.0,36.0,0.105,1.34,15.8
Chennai,13.0175,80.1446,8,34.7,55.1,51.8,0.198,2.32,19.3
Chennai,12.9573,80.2832,8,32.7,60.9,49.6,0.189,1.53,21.0
Chennai,13.0695,80.1879,8,32.9,52.6,80.2,0.233,1.17,17.5
Chennai,13.0331,80.2824,8,35.0,57.9,64.3,0.268,2.64,22.8
Chennai,13.0556,80.2807,8,34.7,56.7,90.5,0.195,1.16,16.3
Chennai,13.2008,80.3343,9,33.6,61.0,84.0,0.236,2.24,23.4
Chennai,12.9661,80.3472,9,32.6,61.8,97.8,0.262,1.25,22.4
Chennai,13.057,80.4165,9,33.4,62.0,70.2,0.267,1.52,22.6
Chennai,13.2032,80.3943,9,32.3,55.9,51.8,0.165,1.55,18.8
Chennai,13.0674,80.382,9,34.5,58.2,61.8,0.184,1.83,18.9
Chennai,12.9745,80.2964,9,34.4,61.4,94.0,0.213,1.2,19.1
Chennai,13.0158,80.2807,9,33.2,56.1,50.6,0.197,2.22,20.8
Chennai,12.9412,80.2026,9,32.6,58.1,75.5,0.108,2.78,21.7
Chennai,13.0294,80.1913,9,34.4,61.2,91.8,0.104,2.63,20.6
Chennai,13.0209,80.2041,9,33.6,59.0,27.9,0.274,1.27,20.7
Chennai,13.2223,80.2529,10,34.6,54.7,183.4,0.229,1.38,17.1
Chennai,12.9934,80.3672,10,34.3,59.6,273.4,0.264,2.03,22.2
Chennai,12.9777,80.2133,10,33.6,53.4,270.3,0.276,1.06,17.8
Chennai,12.9878,80.3699,10,34.6,54.5,191.3,0.284,2.41,21.5
Chennai,13.0122,80.3671,10,33.6,58.4,124.8,0.106,1.74,17.6
Chennai,13.1082,80.1733,10,34.7,57.9,170.0,0.133,2.79,20.1
Chennai,13.1547,80.3267,10,33.0,55.9,132.6,0.214,2.93,23.5
Chennai,13.1871,80.3142,10,34.2,54.7,181.9,0.104,2.56,18.0
Chennai,13.1603,80.1227,10,34.9,58.5,220.2,0.102,1.5,15.6
Chennai,13.1715,80.2116,10,35.0,58.4,184.8,0.175,1.7,17.8
Chennai,13.0056,80.26,11,34.2,60.2,179.4,0.12,2.02,19.0
Chennai,13.1287,80.373,11,33.2,58.5,221.8,0.16,1.22,17.8
Chennai,12.9492,80.4165,11,34.0,60.6,152.2,0.242,2.78,24.6
Chennai,13.0196,80.165,11,34.4,61.0,261.1,0.26,2.2,23.1
Chennai,13.1282,80.3242,11,34.3,58.6,299.5,0.152,1.84,18.4
Chennai,13.0465,80.1306,11,34.2,57.7,138.0,0.245,1.44,19.3
Chennai,13.0904,80.3555,11,34.8,58.7,201.5,0.269,2.68,23.5
Chennai,13.1929,80.1743,11,32.4,53.3,151.7,0.262,2.53,23.0
Chennai,12.9849,80.3239,11,33.1,52.9,171.1,0.249,1.61,19.1
Chennai,13.1664,80.2194,11,32.9,54.9,270.2,0.194,2.73,22.1
Chennai,13.1051,80.4033,12,29.3,60.9,200.1,0.273,1.76,27.2
Chennai,13.0195,80.1362,12,31.7,53.4,140.1,0.182,2.14,20.6
Chennai,13.202,80.2573,12,30.1,59.2,255.8,0.198,2.26,25.3
Chennai,12.983,80.3103,12,29.1,54.7,252.2,0.134,2.53,23.7
Chennai,13.0769,80.3491,12,29.4,58.1,226.7,0.181,2.93,27.1
Chennai,13.045,80.1313,12,29.7,55.7,102.8,0.164,2.67,24.7
Chennai,12.9872,80.323,12,31.0,54.5,238.7,0.169,1.26,18.8
Chennai,13.0451,80.2966,12,29.6,60.2,159.6,0.158,2.46,25.8
Chennai,13.1089,80.2214,12,31.8,62.0,168.5,0.28,1.72,25.2
Chennai,12.9865,80.4044,12,31.9,56.0,145.7,0.245,1.26,20.4
Salem,11.7302,78.1669,1,27.7,43.7,19.5,0.107,6.63,32.4
Salem,11.5867,78.1504,1,27.3,49.9,19.9,0.231,4.06,30.6
Salem,11.7169,78.115,1,28.3,45.5,14.2,0.131,6.09,31.4
Salem,11.6991,78.0803,1,29.1,46.6,8.1,0.221,4.41,28.3
Salem,11.7592,78.0215,1,29.3,41.2,3.4,0.121,4.6,24.0
Salem,11.5699,78.0689,1,28.7,42.0,21.1,0.159,4.12,24.4
Salem,11.6589,78.0523,1,30.0,43.3,0.1,0.234,6.72,33.3
Salem,11.7606,78.1907,1,27.6,40.9,15.4,0.245,4.3,27.8
Salem,11.5868,78.0593,1,30.1,43.0,13.9,0.12,4.52,23.7
Salem,11.5218,78.0772,1,29.6,43.1,22.2,0.119,6.27,29.4
Salem,11.5238,78.2456,2,29.2,41.7,10.7,0.188,5.87,29.8
Salem,11.7735,78.0179,2,29.6,41.8,12.0,0.292,4.82,28.9
Salem,11.6257,78.2452,2,29.6,46.5,23.9,0.123,6.09,30.3
Salem,11.5276,78.2727,2,27.6,44.2,17.7,0.26,6.04,34.7
Salem,11.5644,78.1039,2,28.2,40.3,20.5,0.268,6.92,35.4
Salem,11.5492,78.2661,2,27.5,44.1,1.4,0.152,4.94,28.8
Salem,11.7214,78.1934,2,29.5,45.8,17.0,0.296,6.01,34.2
Salem,11.6115,78.1469,2,29.3,41.0,19.9,0.15,5.04,26.0
Salem,11.7129,78.1055,2,29.7,45.6,29.6,0.111,5.93,29.1
Salem,11.5571,78.2447,2,29.7,48.7,2.2,0.198,4.72,28.9
Salem,11.801,78.0051,3,34.1,46.4,12.1,0.147,5.38,24.3
Salem,11.7504,78.1244,3,36.6,44.5,3.6,0.199,5.96,24.7
Salem,11.5408,78.1137,3,35.4,40.0,2.7,0.221,5.86,23.7
Salem,11.6014,78.1425,3,34.0,46.7,28.5,0.173,4.16,21.5
Salem,11.5769,78.1263,3,35.4,46.2,14.2,0.231,6.15,27.3
Salem,11.5442,78.2178,3,34.0,43.4,24.9,0.293,4.88,25.3
Salem,11.6666,78.2006,3,33.3,41.6,4.2,0.243,6.16,27.9
Salem,11.5421,78.1733,3,33.9,49.3,11.8,0.191,6.34,29.6
Salem,11.725,78.0223,3,34.8,49.3,25.1,0.218,6.32,29.3
Salem,11.6452,78.1875,3,37.0,41.3,15.0,0.206,4.15,18.1
Salem,11.7906,78.2416,4,35.1,45.1,27.6,0.135,5.74,23.5
Salem,11.7291,78.0285,4,34.7,46.0,26.5,0.201,5.15,24.2
Salem,11.8039,78.2648,4,36.2,42.7,28.9,0.294,5.36,24.5
Salem,11.55,78.1138,4,36.0,47.5,9.0,0.24,6.58,28.8
Salem,11.7236,78.2707,4,35.7,42.0,18.7,0.158,5.04,20.2
Salem,11.7117,78.2844,4,35.8,49.6,15.1,0.239,4.97,24.9
Salem,11.5446,78.0957,4,35.1,45.7,20.0,0.183,6.24,26.5
Salem,11.7624,78.0758,4,36.5,48.1,15.7,0.105,4.44,19.2
Salem,11.7111,78.05,4,36.2,41.6,8.6,0.15,6.52,23.9
Salem,11.7172,78.0785,4,36.2,40.3,24.4,0.12,6.6,22.9
Salem,11.7318,78.2495,5,36.1,45.6,7.1,0.257,6.4,27.9
Salem,11.5963,78.1893,5,36.9,43.9,28.7,0.295,4.94,23.8
Salem,11.6756,77.9939,5,34.2,46.2,23.4,0.274,6.49,30.6
Salem,11.7834,78.2014,5,35.8,47.6,16.4,0.221,6.33,27.7
Salem,11.7993,78.0783,5,33.9,46.8,5.6,0.135,5.54,24.8
Salem,11.6232,78.1186,5,35.4,41.3,17.5,0.151,4.99,19.9
Salem,11.7229,78.0364,5,33.8,43.2,1.5,0.286,5.85,28.2
Salem,11.7086,78.1372,5,35.5,43.6,23.5,0.164,4.66,20.0
Salem,11.5652,78.0105,5,35.2,44.2,16.1,0.118,4.66,19.4
Salem,11.574,78.0896,5,34.6,42.2,22.6,0.206,6.99,28.4
Salem,11.7571,78.2843,6,30.2,46.7,55.7,0.281,5.84,33.0
Salem,11.6963,78.2777,6,32.2,43.2,93.3,0.289,5.16,27.8
Salem,11.6721,78.0748,6,32.9,48.2,50.0,0.261,5.34,28.9
Salem,11.5232,78.2595,6,30.7,45.1,95.9,0.133,6.87,31.3
Salem,11.6714,77.9922,6,30.4,46.7,81.9,0.273,5.27,30.9
Salem,11.5412,78.1513,6,32.3,49.8,82.0,0.229,6.82,33.8
Salem,11.7341,78.0361,6,31.5,43.3,27.0,0.111,6.38,27.7
Salem,11.6774,78.1625,6,30.8,42.6,51.0,0.226,5.3,27.8
Salem,11.5151,78.192,6,31.8,46.4,69.5,0.251,5.76,30.3
Salem,11.7203,78.0118,6,32.9,41.1,83.0,0.16,4.26,20.3
Salem,11.7396,78.1213,7,31.3,46.6,57.9,0.207,4.41,25.7
Salem,11.6273,78.2292,7,31.8,49.6,31.5,0.235,6.74,34.2
Salem,11.7485,78.2088,7,31.3,49.5,64.3,0.211,4.37,26.9
Salem,11.5115,78.169,7,31.8,49.5,44.4,0.25,6.71,34.4
Salem,11.6132,78.1138,7,32.1,45.1,32.9,0.144,6.5,29.1
Salem,11.5683,78.0444,7,32.6,48.5,88.1,0.286,6.98,34.9
Salem,11.6484,78.1549,7,31.0,40.7,27.9,0.245,5.46,27.8
Salem,11.6093,78.0285,7,32.1,41.0,69.6,0.28,4.95,26.2
Salem,11.6452,78.1749,7,31.1,45.8,65.2,0.173,4.95,26.4
Salem,11.6385,77.9914,7,30.9,42.2,79.2,0.187,6.52,30.2
Salem,11.5503,78.2099,8,32.8,44.6,48.7,0.161,5.66,26.0
Salem,11.5627,78.172,8,32.7,48.6,31.2,0.208,4.79,26.3
Salem,11.7759,78.0129,8,30.4,40.2,60.6,0.106,5.75,25.6
Salem,11.6315,78.167,8,32.9,45.5,63.5,0.3,5.42,29.0
Salem,11.7426,78.0997,8,30.8,47.7,78.7,0.158,5.39,28.4
Salem,11.6631,78.109,8,31.7,46.6,87.8,0.261,5.84,31.0
Salem,11.5598,78.1442,8,31.5,41.8,95.9,0.232,6.9,31.7
Salem,11.7308,78.1351,8,31.2,42.2,59.0,0.113,5.11,23.8
Salem,11.5228,78.052,8,32.9,43.6,57.6,0.191,4.14,21.7
Salem,11.8042,78.0872,8,32.3,45.2,86.4,0.267,4.79,26.8
Salem,11.6733,78.0422,9,32.1,43.7,72.3,0.267,5.55,28.7
Salem,11.6229,78.2622,9,31.7,43.5,89.4,0.197,5.45,27.0
Salem,11.6913,78.1406,9,30.6,41.7,26.2,0.229,4.63,25.7
Salem,11.5661,78.0987,9,32.3,41.2,38.4,0.262,6.16,29.2
Salem,11.6545,78.1336,9,30.8,41.6,86.7,0.104,4.13,20.8
Salem,11.682,78.0383,9,32.0,40.4,65.8,0.111,4.77,21.3
Salem,11.564,78.2775,9,32.0,45.6,21.5,0.244,5.99,30.3
Salem,11.595,78.0157,9,31.5,49.9,89.4,0.134,6.49,31.3
Salem,11.6903,78.2284,9,32.6,41.8,72.8,0.153,6.17,26.5
Salem,11.6128,78.126,9,31.9,42.3,50.8,0.122,4.61,21.9
Salem,11.7679,78.1413,10,31.4,41.5,119.3,0.195,5.84,27.6
Salem,11.5217,78.2252,10,31.7,41.2,196.4,0.126,5.81,25.4
Salem,11.7583,78.2591,10,32.5,46.5,204.4,0.174,4.13,22.8
Salem,11.6689,78.0588,10,32.6,47.9,176.2,0.218,6.22,30.7
Salem,11.7385,78.199,10,30.5,41.3,195.4,0.147,6.58,29.4
Salem,11.595,78.253,10,31.4,41.9,241.8,0.258,5.73,29.0
Salem,11.5453,77.9922,10,32.1,46.9,163.2,0.172,4.46,24.4
Salem,11.7055,78.0661,10,32.7,44.2,173.1,0.155,6.04,27.0
Salem,11.7365,78.114,10,32.5,44.8,174.0,0.211,4.76,25.0
Salem,11.602,78.0933,10,32.3,47.4,271.0,0.232,6.24,31.2
Salem,11.644,78.1998,11,30.6,42.1,180.1,0.168,5.65,27.4
Salem,11.7191,78.202,11,30.6,49.6,101.1,0.118,4.44,25.5
Salem,11.7878,78.1206,11,30.4,42.2,116.0,0.108,5.15,24.6
Salem,11.8053,78.1742,11,31.7,47.1,219.5,0.289,6.46,33.8
Salem,11.7021,78.1217,11,30.8,46.6,260.8,0.157,4.1,24.1
Salem,11.6899,78.1447,11,30.9,41.7,107.2,0.148,4.0,21.5
Salem,11.5572,78.289,11,32.5,43.5,179.0,0.217,5.55,27.0
Salem,11.7311,78.0106,11,30.4,42.8,266.0,0.283,5.04,28.9
Salem,11.799,78.073,11,32.0,41.9,285.9,0.215,4.78,24.5
Salem,11.6321,78.0219,11,30.4,42.9,289.4,0.261,6.87,33.9
Salem,11.7728,78.2339,12,28.9,46.9,293.2,0.213,6.31,34.1
Salem,11.7372,78.2784,12,28.5,44.6,217.4,0.105,4.35,25.0
Salem,11.5303,78.1801,12,30.1,46.8,146.0,0.163,6.87,33.3
Salem,11.665,77.9929,12,29.7,42.5,118.6,0.235,6.46,32.6
Salem,11.5328,78.2694,12,28.6,43.5,278.9,0.154,6.84,33.2
Salem,11.7149,78.263,12,28.7,42.0,247.1,0.275,4.62,28.8
Salem,11.5708,78.0649,12,29.0,41.6,121.3,0.284,6.03,32.8
Salem,11.709,78.1741,12,29.5,45.4,108.5,0.196,5.86,31.2
Salem,11.6577,78.2856,12,29.9,48.7,198.2,0.297,6.75,37.2
Salem,11.5941,78.0566,12,28.9,40.5,259.9,0.196,5.62,29.1
Erode,11.3407,77.6781,1,30.5,34.7,29.3,0.509,5.38,34.4
Erode,11.3968,77.5635,1,29.1,38.8,9.8,0.484,4.78,33.3
Erode,11.3546,77.6311,1,29.9,39.1,11.0,0.45,4.63,31.2
Erode,11.4002,77.6717,1,31.0,35.8,5.4,0.339,5.73,30.7
Erode,11.2586,77.59,1,29.3,35.4,13.0,0.414,4.44,30.4
Erode,11.4777,77.6049,1,30.9,34.8,15.0,0.599,6.55,39.7
Erode,11.3451,77.7762,1,30.8,36.0,16.9,0.47,5.2,32.5
Erode,11.3972,77.578,1,30.9,37.8,18.9,0.435,5.0,31.0
Erode,11.2983,77.7281,1,31.3,35.6,0.6,0.336,6.6,32.9
Erode,11.4789,77.6197,1,30.2,39.5,5.2,0.534,5.07,34.3
Erode,11.392,77.7062,2,30.7,41.9,11.4,0.386,5.9,33.4
Erode,11.2335,77.6103,2,30.9,36.4,18.9,0.471,6.55,36.5
Erode,11.2114,77.6086,2,29.2,36.2,8.7,0.38,5.93,34.1
Erode,11.2714,77.6935,2,31.1,36.6,17.6,0.59,5.24,35.4
Erode,11.2452,77.5669,2,30.7,39.6,28.2,0.51,4.24,30.8
Erode,11.2401,77.5909,2,28.7,41.8,16.5,0.308,5.19,31.3
Erode,11.4195,77.585,2,29.3,34.6,19.6,0.566,4.93,35.6
Erode,11.2642,77.6453,2,30.4,34.3,25.2,0.309,5.99,31.3
Erode,11.4481,77.6576,2,29.9,42.7,16.2,0.382,5.33,32.7
Erode,11.4809,77.7693,2,29.0,39.0,18.9,0.491,5.69,36.3
Erode,11.347,77.7519,3,35.7,36.5,16.2,0.541,5.33,29.8
Erode,11.2997,77.6379,3,35.7,33.0,24.5,0.554,5.03,29.3
Erode,11.3308,77.5625,3,38.2,42.5,14.3,0.303,5.29,24.4
Erode,11.2779,77.6294,3,34.5,36.7,12.4,0.468,5.18,28.8
Erode,11.239,77.7811,3,36.0,36.8,7.9,0.427,4.72,24.8
Erode,11.4194,77.833,3,37.7,39.8,8.5,0.523,6.43,32.4
Erode,11.3139,77.816,3,35.2,35.9,19.1,0.485,4.82,27.4
Erode,11.3768,77.6163,3,34.6,33.5,16.0,0.356,4.31,23.2
Erode,11.2708,77.7746,3,37.4,35.3,4.5,0.448,5.03,26.3
Erode,11.2835,77.7998,3,38.5,37.6,23.7,0.399,6.53,29.6
Erode,11.4755,77.5768,4,37.6,33.7,14.1,0.358,6.52,28.5
Erode,11.4352,77.8085,4,35.0,40.7,7.5,0.531,5.33,30.6
Erode,11.4113,77.5701,4,36.3,40.7,15.6,0.595,5.42,31.4
Erode,11.3944,77.6536,4,35.8,39.3,1.3,0.581,5.56,31.4
Erode,11.266,77.7516,4,35.3,41.9,25.9,0.365,4.34,23.6
Erode,11.3799,77.6574,4,35.1,35.8,3.6,0.537,4.03,26.4
Erode,11.2026,77.795,4,36.4,39.0,11.1,0.327,4.47,21.6
Erode,11.2174,77.7456,4,38.2,43.0,18.8,0.318,5.93,26.9
Erode,11.4004,77.7974,4,35.0,35.3,29.5,0.537,6.27,33.2
Erode,11.4317,77.6916,4,35.3,39.9,10.7,0.34,6.7,29.3
Erode,11.3356,77.6913,5,35.7,40.0,5.7,0.356,5.04,24.3
Erode,11.4097,77.6426,5,37.8,42.1,16.6,0.321,4.47,22.3
Erode,11.2787,77.639,5,35.9,33.0,19.1,0.414,4.56,24.1
Erode,11.1956,77.817,5,37.6,35.4,21.6,0.497,5.62,29.3
Erode,11.3062,77.7172,5,36.5,38.5,18.4,0.397,5.92,27.7
Erode,11.2231,77.717,5,34.7,41.4,3.9,0.562,4.61,29.7
Erode,11.3356,77.5896,5,36.8,41.4,19.7,0.458,6.1,30.3
Erode,11.2668,77.6699,5,36.9,33.7,27.9,0.363,5.47,25.5
Erode,11.4569,77.584,5,37.7,33.6,16.7,0.581,5.25,30.3
Erode,11.3007,77.7725,5,37.8,35.7,1.2,0.321,4.91,22.8
Erode,11.4734,77.8482,6,31.8,40.3,62.5,0.357,5.58,30.0
Erode,11.2646,77.7476,6,32.0,40.5,53.2,0.332,5.92,30.2
Erode,11.2974,77.6976,6,33.5,41.8,33.3,0.354,5.2,27.7
Erode,11.2913,77.6075,6,34.5,37.4,48.2,0.395,6.97,32.3
Erode,11.2874,77.6715,6,33.8,37.3,78.1,0.483,5.69,31.3
Erode,11.2542,77.7897,6,34.3,35.5,96.9,0.434,5.19,28.1
Erode,11.4079,77.8549,6,33.3,38.2,99.5,0.391,4.9,27.2
Erode,11.2566,77.8167,6,31.5,41.2,75.2,0.383,5.66,31.5
Erode,11.3569,77.8378,6,31.9,33.4,48.5,0.342,5.1,27.9
Erode,11.3646,77.6299,6,33.9,33.9,52.0,0.575,6.2,35.1
Erode,11.4071,77.7979,7,32.0,41.3,75.2,0.473,6.72,36.5
Erode,11.3686,77.6501,7,33.7,38.8,26.3,0.317,6.31,29.2
Erode,11.2944,77.8051,7,32.7,41.7,89.6,0.368,5.96,31.1
Erode,11.3707,77.5634,7,33.8,36.8,44.4,0.312,5.62,26.9
Erode,11.2349,77.7107,7,32.1,33.5,78.5,0.418,5.34,30.4
Erode,11.3685,77.7114,7,32.1,35.9,51.5,0.34,4.25,25.1
Erode,11.3614,77.5748,7,32.7,33.9,60.1,0.532,4.39,29.8
Erode,11.2305,77.7278,7,32.9,39.5,35.7,0.485,6.21,33.8
Erode,11.2639,77.5815,7,33.8,36.2,93.9,0.327,6.02,28.4
Erode,11.3171,77.6645,7,32.4,38.9,21.9,0.391,6.96,34.3
Erode,11.3749,77.857,8,32.8,34.5,23.6,0.545,4.6,30.6
Erode,11.3021,77.7873,8,34.0,34.1,24.4,0.585,6.78,37.0
Erode,11.4506,77.806,8,31.5,39.9,28.9,0.435,4.07,27.6
Erode,11.2527,77.7214,8,32.1,38.2,40.7,0.445,6.19,33.6
Erode,11.2324,77.7696,8,31.5,38.8,73.1,0.313,4.51,25.9
Erode,11.2752,77.7968,8,33.3,33.5,72.4,0.303,5.17,25.8
Erode,11.2714,77.8156,8,33.5,41.6,21.5,0.56,5.95,35.0
Erode,11.2594,77.6742,8,34.4,34.0,45.2,0.56,5.59,32.4
Erode,11.2459,77.7102,8,32.9,42.3,21.7,0.374,5.59,30.1
Erode,11.2901,77.678,8,32.0,36.5,48.2,0.488,4.71,30.3
Erode,11.4835,77.7104,9,33.9,39.3,90.3,0.567,6.44,35.6
Erode,11.1988,77.7265,9,32.3,34.5,91.8,0.497,4.26,28.9
Erode,11.3047,77.8482,9,33.3,39.3,38.2,0.372,4.46,25.4
Erode,11.4812,77.8329,9,32.5,38.4,36.5,0.342,5.62,28.9
Erode,11.43,77.8188,9,32.4,40.1,61.9,0.341,6.99,33.1
Erode,11.4827,77.6035,9,34.3,42.2,45.4,0.467,6.85,34.8
Erode,11.2255,77.6553,9,34.1,40.3,81.2,0.564,5.24,31.8
Erode,11.3134,77.6929,9,34.3,41.9,94.7,0.382,6.34,31.0
Erode,11.222,77.6154,9,33.8,39.1,41.3,0.47,4.69,28.0
Erode,11.2597,77.7662,9,32.6,39.9,58.1,0.451,5.81,32.1
Erode,11.4036,77.6722,10,34.0,37.9,127.5,0.358,4.1,23.2
Erode,11.4194,77.5645,10,32.3,37.1,248.5,0.596,6.27,37.4
Erode,11.2098,77.8381,10,34.4,41.7,198.0,0.397,5.37,28.3
Erode,11.264,77.6815,10,31.6,40.4,176.1,0.394,5.83,31.9
Erode,11.4127,77.7381,10,33.1,41.8,257.4,0.456,5.35,31.1
Erode,11.4381,77.5727,10,34.5,38.2,179.1,0.521,5.67,31.5
Erode,11.3448,77.7492,10,31.6,35.9,179.6,0.391,6.48,33.6
Erode,11.3284,77.6867,10,33.3,33.5,203.4,0.343,6.49,30.7
Erode,11.3255,77.7768,10,31.8,40.8,287.6,0.509,4.41,30.5
Erode,11.3141,77.6953,10,32.0,38.9,242.5,0.361,5.36,29.1
Erode,11.265,77.7675,11,34.2,41.0,243.7,0.337,4.34,23.7
Erode,11.3248,77.6689,11,33.1,36.8,258.2,0.453,6.85,34.8
Erode,11.3036,77.6742,11,33.8,42.1,213.1,0.498,4.45,28.8
Erode,11.4506,77.6137,11,33.6,37.2,161.9,0.531,5.34,31.7
Erode,11.3779,77.5953,11,31.9,35.0,224.5,0.376,5.38,29.6
Erode,11.4466,77.7231,11,31.5,41.8,147.6,0.477,5.43,33.4
Erode,11.313,77.5838,11,33.3,35.4,209.5,0.486,5.67,31.9
Erode,11.4376,77.5747,11,31.9,39.5,107.3,0.556,6.0,36.0
Erode,11.4414,77.6495,11,34.2,33.5,183.4,0.353,6.02,28.7
Erode,11.3733,77.7675,11,33.3,40.9,135.5,0.437,5.74,31.2
Erode,11.4694,77.5879,12,29.4,36.7,175.8,0.32,5.28,30.5
Erode,11.3551,77.6478,12,28.9,39.9,154.9,0.458,5.57,35.3
Erode,11.3987,77.7436,12,28.8,40.3,225.8,0.596,5.45,38.6
Erode,11.3966,77.8402,12,31.4,35.9,221.8,0.395,5.58,31.2
Erode,11.4885,77.6662,12,28.9,38.6,203.9,0.49,5.48,35.8
Erode,11.244,77.7428,12,30.6,42.8,100.3,0.307,5.88,31.8
Erode,11.2254,77.8144,12,30.9,43.0,182.8,0.4,5.68,33.3
Erode,11.3813,77.5634,12,29.1,35.8,258.0,0.392,5.52,33.3
Erode,11.2872,77.5618,12,30.5,36.4,244.9,0.485,4.09,29.9
Erode,11.2427,77.6592,12,29.5,39.7,283.2,0.539,5.94,37.8
Tirunelveli,8.7044,77.7882,1,32.5,41.4,10.1,0.535,5.24,33.2
Tirunelveli,8.7828,77.8505,1,30.7,43.2,9.5,0.461,4.62,32.0
Tirunelveli,8.7656,77.8399,1,32.5,39.5,29.1,0.384,4.09,25.4
Tirunelveli,8.8551,77.788,1,32.4,41.7,11.7,0.479,6.59,36.0
Tirunelveli,8.7855,77.8116,1,30.8,36.3,12.4,0.449,4.71,30.6
Tirunelveli,8.6956,77.8852,1,30.5,39.0,3.4,0.535,6.33,37.9
Tirunelveli,8.834,77.7331,1,29.9,40.8,15.0,0.357,6.77,35.7
Tirunelveli,8.7797,77.7571,1,32.2,37.4,26.2,0.547,6.81,37.9
Tirunelveli,8.763,77.6398,1,32.0,40.6,21.4,0.457,4.01,27.7
Tirunelveli,8.8397,77.8061,1,31.6,36.9,14.0,0.314,5.56,28.9
Tirunelveli,8.7577,77.6937,2,31.6,39.1,26.8,0.396,4.58,28.0
Tirunelveli,8.643,77.6957,2,31.2,37.2,4.5,0.382,4.05,26.5
Tirunelveli,8.7469,77.7542,2,30.4,39.5,9.6,0.342,6.11,32.5
Tirunelveli,8.645,77.6734,2,30.0,42.1,10.2,0.433,4.39,30.8
Tirunelveli,8.7012,77.8026,2,30.1,36.5,12.8,0.354,5.79,32.1
Tirunelveli,8.7378,77.8509,2,31.9,42.2,9.4,0.545,6.14,37.0
Tirunelveli,8.7613,77.76,2,32.8,43.6,14.0,0.34,6.44,32.4
Tirunelveli,8.8359,77.7405,2,31.2,42.8,21.3,0.44,4.7,31.0
Tirunelveli,8.6271,77.8583,2,31.7,45.1,11.8,0.51,6.0,37.1
Tirunelveli,8.7966,77.8647,2,31.2,36.3,14.3,0.405,5.38,31.1
Tirunelveli,8.6112,77.8304,3,38.2,37.3,3.1,0.545,6.39,32.8
Tirunelveli,8.6578,77.7948,3,39.0,41.3,12.0,0.424,5.86,28.7
Tirunelveli,8.7244,77.8922,3,37.4,39.4,24.4,0.477,6.35,31.0
Tirunelveli,8.6906,77.8362,3,38.0,38.4,19.9,0.323,6.79,28.5
Tirunelveli,8.7323,77.746,3,38.2,40.6,16.7,0.547,4.53,27.5
Tirunelveli,8.8468,77.6209,3,36.3,44.1,23.1,0.414,5.48,28.4
Tirunelveli,8.758,77.6272,3,39.1,44.9,27.1,0.491,4.0,26.2
Tirunelveli,8.604,77.6448,3,38.0,39.9,17.3,0.359,6.04,27.1
Tirunelveli,8.655,77.7711,3,39.5,39.0,28.3,0.43,6.95,31.6
Tirunelveli,8.6633,77.6268,3,35.9,45.9,12.1,0.338,4.88,25.6
Tirunelveli,8.6708,77.7647,4,36.0,43.0,24.6,0.408,6.58,31.1
Tirunelveli,8.8197,77.6706,4,38.6,39.9,9.5,0.415,5.14,25.8
Tirunelveli,8.7235,77.7987,4,37.7,37.9,11.5,0.577,6.52,34.0
Tirunelveli,8.6063,77.8992,4,38.5,37.3,2.2,0.305,6.16,26.1
Tirunelveli,8.706,77.731,4,39.8,36.8,19.3,0.425,5.37,26.7
Tirunelveli,8.7967,77.7813,4,37.5,37.8,15.3,0.466,5.35,27.7
Tirunelveli,8.6666,77.6557,4,38.2,41.8,25.4,0.371,5.51,26.5
Tirunelveli,8.6833,77.7638,4,37.3,45.8,17.0,0.511,4.34,28.1
Tirunelveli,8.7045,77.8071,4,36.4,43.3,29.5,0.595,6.34,35.2
Tirunelveli,8.6995,77.6235,4,39.4,36.9,14.2,0.523,6.88,33.7
Tirunelveli,8.5834,77.7901,5,39.0,39.1,1.6,0.403,6.34,29.1
Tirunelveli,8.7007,77.7538,5,37.7,43.3,12.6,0.588,6.39,35.2
Tirunelveli,8.6468,77.6106,5,39.5,43.5,21.8,0.469,4.18,25.7
Tirunelveli,8.7019,77.6507,5,36.0,45.9,24.3,0.487,4.86,29.1
Tirunelveli,8.5848,77.7517,5,39.2,38.8,4.0,0.384,6.57,29.3
Tirunelveli,8.5643,77.6335,5,36.5,41.9,4.5,0.434,6.42,30.9
Tirunelveli,8.6384,77.8102,5,37.8,44.0,25.9,0.403,4.25,24.4
Tirunelveli,8.6035,77.8802,5,36.4,41.0,29.8,0.531,4.71,27.8
Tirunelveli,8.6921,77.7913,5,36.7,43.3,10.4,0.493,6.27,32.4
Tirunelveli,8.5948,77.6503,5,37.4,39.0,22.4,0.526,5.6,29.9
Tirunelveli,8.6739,77.8117,6,34.3,37.5,89.6,0.304,6.78,29.6
Tirunelveli,8.6946,77.8035,6,35.7,42.8,23.3,0.575,5.91,33.5
Tirunelveli,8.8469,77.7295,6,35.6,44.6,46.8,0.38,4.29,24.6
Tirunelveli,8.7563,77.7173,6,35.1,43.5,78.7,0.477,4.58,28.0
Tirunelveli,8.6612,77.8071,6,33.4,41.5,73.8,0.55,4.04,29.0
Tirunelveli,8.5893,77.6312,6,34.2,38.2,42.7,0.358,4.07,23.0
Tirunelveli,8.5876,77.8816,6,34.8,44.4,96.0,0.491,6.12,33.6
Tirunelveli,8.596,77.8569,6,33.2,42.6,92.0,0.47,6.9,36.3
Tirunelveli,8.8288,77.8087,6,33.6,40.7,94.9,0.492,6.77,35.3
Tirunelveli,8.6429,77.7281,6,35.5,43.7,45.9,0.349,4.22,23.4
Tirunelveli,8.7931,77.7148,7,33.8,36.6,96.4,0.379,5.32,27.7
Tirunelveli,8.7075,77.8786,7,34.7,37.8,59.4,0.343,6.31,28.8
Tirunelveli,8.6255,77.793,7,35.6,43.2,28.3,0.322,5.71,26.9
Tirunelveli,8.6352,77.7338,7,35.5,37.5,71.2,0.58,5.99,33.0
Tirunelveli,8.6399,77.81,7,35.5,41.7,61.2,0.582,5.47,32.1
Tirunelveli,8.6908,77.8532,7,35.2,43.9,63.2,0.301,6.86,30.5
Tirunelveli,8.8054,77.7446,7,34.5,45.4,48.7,0.505,5.2,31.9
Tirunelveli,8.7497,77.8876,7,33.1,41.3,96.9,0.324,5.38,27.7
Tirunelveli,8.79,77.7943,7,33.4,36.4,50.7,0.357,6.09,29.8
Tirunelveli,8.8289,77.7892,7,33.9,36.8,70.6,0.521,4.42,28.4
Tirunelveli,8.6179,77.8159,8,34.6,40.9,25.0,0.462,4.92,28.1
Tirunelveli,8.7202,77.8503,8,34.2,46.0,23.0,0.317,6.36,31.2
Tirunelveli,8.5728,77.6355,8,35.3,42.7,56.7,0.503,6.62,34.2
Tirunelveli,8.6047,77.7738,8,35.6,36.4,31.3,0.496,5.41,29.0
Tirunelveli,8.8354,77.6137,8,34.9,37.3,33.8,0.315,4.92,23.7
Tirunelveli,8.7981,77.7369,8,33.3,41.9,85.4,0.332,5.49,28.2
Tirunelveli,8.7998,77.6662,8,35.2,40.3,84.9,0.595,6.04,33.9
Tirunelveli,8.6573,77.8928,8,34.6,37.4,86.9,0.538,6.29,33.7
Tirunelveli,8.7379,77.7007,8,33.2,37.4,53.2,0.509,5.66,32.5
Tirunelveli,8.6916,77.8777,8,33.0,37.0,87.8,0.484,6.33,34.1
Tirunelveli,8.5647,77.7461,9,32.8,37.8,27.1,0.496,6.66,35.6
Tirunelveli,8.6849,77.8422,9,35.1,42.9,36.5,0.492,5.57,31.1
Tirunelveli,8.6836,77.8814,9,34.7,36.4,34.4,0.45,6.85,33.1
Tirunelveli,8.7482,77.8348,9,33.9,36.0,38.9,0.335,5.59,27.3
Tirunelveli,8.5887,77.7086,9,35.1,41.4,37.5,0.531,5.98,32.7
Tirunelveli,8.6429,77.6581,9,35.2,42.9,97.5,0.442,4.53,26.6
Tirunelveli,8.761,77.6129,9,34.8,38.9,54.8,0.4,6.42,30.5
Tirunelveli,8.7875,77.613,9,35.1,45.2,34.1,0.536,5.46,32.7
Tirunelveli,8.5948,77.8685,9,35.0,41.9,46.1,0.36,6.03,28.8
Tirunelveli,8.6577,77.8337,9,33.8,37.0,79.0,0.561,5.13,31.6
Tirunelveli,8.6262,77.7413,10,34.3,44.9,129.0,0.578,5.36,34.2
Tirunelveli,8.6762,77.6409,10,35.0,42.3,295.1,0.361,4.38,24.1
Tirunelveli,8.7677,77.6179,10,33.2,44.5,191.7,0.351,5.03,28.5
Tirunelveli,8.8259,77.7811,10,35.2,42.4,222.3,0.351,6.91,31.3
Tirunelveli,8.8165,77.6259,10,35.4,40.9,299.1,0.477,6.51,32.4
Tirunelveli,8.6438,77.819,10,35.0,38.5,165.5,0.474,6.68,32.9
Tirunelveli,8.7375,77.6447,10,34.6,36.1,296.0,0.312,5.41,25.4
Tirunelveli,8.7906,77.6101,10,34.4,40.8,259.6,0.546,5.36,31.7
Tirunelveli,8.6322,77.7675,10,32.9,43.3,290.0,0.34,4.89,27.6
Tirunelveli,8.7543,77.6272,10,34.3,39.0,240.7,0.557,6.24,34.4
Tirunelveli,8.5673,77.7365,11,35.1,44.7,181.1,0.537,5.11,31.5
Tirunelveli,8.6993,77.79,11,35.4,36.7,278.7,0.4,4.1,22.9
Tirunelveli,8.6878,77.6809,11,35.7,41.4,258.9,0.536,4.24,27.0
Tirunelveli,8.8243,77.8207,11,33.0,45.5,234.9,0.566,4.33,32.4
Tirunelveli,8.6697,77.7857,11,33.9,37.8,211.8,0.32,6.13,28.5
Tirunelveli,8.6214,77.8944,11,33.5,37.1,195.7,0.582,5.74,34.3
Tirunelveli,8.8477,77.6629,11,35.1,38.3,170.5,0.38,6.04,28.5
Tirunelveli,8.6431,77.619,11,33.9,40.9,205.3,0.337,6.13,29.3
Tirunelveli,8.7635,77.7599,11,33.7,42.2,260.0,0.584,6.43,37.0
Tirunelveli,8.8423,77.6197,11,35.5,40.6,116.0,0.569,4.87,29.6
Tirunelveli,8.847,77.6328,12,30.7,43.0,199.3,0.562,5.56,37.2
Tirunelveli,8.7482,77.688,12,32.7,41.4,126.4,0.404,5.33,30.0
Tirunelveli,8.7534,77.6875,12,30.0,44.7,146.5,0.584,5.93,40.3
Tirunelveli,8.6835,77.7028,12,31.8,39.3,218.7,0.509,6.53,36.5
Tirunelveli,8.6936,77.6912,12,30.2,43.9,134.3,0.378,5.45,33.2
Tirunelveli,8.8512,77.8309,12,30.0,39.5,191.2,0.35,6.77,35.1
Tirunelveli,8.7735,77.6856,12,32.7,44.4,238.6,0.5,4.46,30.9
Tirunelveli,8.6314,77.6123,12,30.8,37.3,152.1,0.355,5.69,31.1
Tirunelveli,8.5704,77.6951,12,30.9,39.7,208.0,0.349,4.9,28.5
Tirunelveli,8.8361,77.7214,12,31.3,37.5,191.6,0.396,4.01,26.6
Kanyakumari,8.1515,77.6727,1,26.3,73.1,14.2,0.387,6.83,46.6
Kanyakumari,8.2242,77.5521,1,25.8,71.7,27.2,0.433,6.07,46.1
Kanyakumari,8.1495,77.6501,1,25.8,71.5,9.2,0.42,6.52,47.3
Kanyakumari,8.0638,77.4077,1,25.5,72.4,17.5,0.367,6.81,46.1
Kanyakumari,8.0134,77.3868,1,27.0,70.5,20.1,0.326,5.54,41.6
Kanyakumari,7.9883,77.4753,1,27.2,75.4,27.3,0.408,4.44,38.2
Kanyakumari,8.1861,77.4909,1,26.5,68.8,10.5,0.593,6.62,52.7
Kanyakumari,7.9563,77.5984,1,26.7,75.9,24.1,0.387,6.42,43.9
Kanyakumari,8.2211,77.5071,1,28.0,67.4,17.6,0.326,4.62,39.1
Kanyakumari,8.0724,77.6403,1,28.3,66.7,28.8,0.527,4.27,43.0
Kanyakumari,8.0528,77.6543,2,26.6,71.6,21.3,0.527,4.41,43.2
Kanyakumari,7.9858,77.4945,2,27.0,66.4,24.8,0.55,4.91,46.9
Kanyakumari,8.0978,77.519,2,25.4,66.0,7.9,0.587,6.5,53.2
Kanyakumari,8.0718,77.5761,2,28.0,70.2,14.8,0.506,4.73,42.8
Kanyakumari,7.9658,77.4632,2,28.3,66.7,22.4,0.474,5.7,46.0
Kanyakumari,8.1905,77.5684,2,26.8,72.9,3.6,0.454,5.73,44.6
Kanyakumari,8.1836,77.4289,2,25.5,69.2,26.3,0.341,4.49,39.8
Kanyakumari,8.0118,77.5059,2,28.1,69.6,8.7,0.459,6.81,48.0
Kanyakumari,8.0842,77.6099,2,25.9,66.9,22.6,0.463,6.62,50.6
Kanyakumari,8.178,77.5855,2,26.2,72.9,20.7,0.329,5.74,42.1
Kanyakumari,8.177,77.3839,3,33.4,69.7,14.5,0.402,6.73,41.0
Kanyakumari,7.9607,77.4264,3,32.2,67.9,26.9,0.484,6.49,44.2
Kanyakumari,8.0877,77.5396,3,33.5,73.6,3.4,0.438,4.23,32.7
Kanyakumari,8.1757,77.657,3,33.3,69.1,10.9,0.545,6.67,44.7
Kanyakumari,8.1093,77.6091,3,32.7,73.1,0.9,0.544,4.67,37.7
Kanyakumari,8.187,77.4227,3,32.2,67.3,3.9,0.324,6.07,39.2
Kanyakumari,8.1652,77.4033,3,34.4,73.6,1.3,0.332,6.38,35.6
Kanyakumari,8.084,77.3978,3,31.8,68.5,2.0,0.5,6.26,44.1
Kanyakumari,8.1647,77.656,3,32.2,75.0,5.5,0.405,4.27,32.8
Kanyakumari,8.1838,77.6626,3,35.1,69.5,4.8,0.45,6.19,38.9
Kanyakumari,8.0025,77.5511,4,31.7,71.8,0.4,0.365,4.57,34.4
Kanyakumari,8.0146,77.6505,4,33.5,75.7,3.0,0.364,5.51,33.9
Kanyakumari,8.1423,77.4899,4,33.7,70.4,28.7,0.354,5.06,34.2
Kanyakumari,8.0439,77.4443,4,32.3,67.1,29.5,0.337,4.33,34.3
Kanyakumari,7.9708,77.6087,4,34.2,71.6,1.2,0.398,4.35,32.2
Kanyakumari,8.0151,77.5601,4,32.6,75.8,13.3,0.466,4.87,35.3
Kanyakumari,8.1866,77.4366,4,31.6,74.4,14.3,0.504,4.54,36.8
Kanyakumari,8.2296,77.5275,4,31.8,70.4,19.8,0.326,4.43,33.5
Kanyakumari,8.0502,77.5572,4,31.7,75.3,29.3,0.319,6.93,38.9
Kanyakumari,8.0316,77.5585,4,35.3,67.2,25.1,0.518,4.84,37.3
Kanyakumari,8.144,77.5546,5,32.4,73.9,19.3,0.42,5.43,36.8
Kanyakumari,8.1109,77.5013,5,33.3,68.8,23.0,0.332,4.75,33.7
Kanyakumari,8.0792,77.5685,5,31.9,67.0,1.6,0.32,6.03,39.4
Kanyakumari,8.2216,77.4948,5,34.1,67.5,18.7,0.329,4.23,31.8
Kanyakumari,8.1555,77.6103,5,34.5,68.0,19.9,0.447,4.78,35.8
Kanyakumari,8.0331,77.6379,5,33.5,75.5,0.9,0.429,6.74,39.3
Kanyakumari,8.0451,77.4744,5,32.8,70.6,1.0,0.467,6.58,42.4
Kanyakumari,8.0209,77.5918,5,33.3,67.3,21.5,0.446,4.33,35.9
Kanyakumari,8.1325,77.578,5,34.1,71.7,14.3,0.556,5.52,39.7
Kanyakumari,8.0474,77.5284,5,35.2,72.2,10.6,0.593,4.96,37.6
Kanyakumari,7.9384,77.3935,6,30.9,69.5,79.4,0.308,6.67,41.0
Kanyakumari,8.0324,77.4092,6,29.4,69.6,48.1,0.498,4.74,41.4
Kanyakumari,8.1244,77.5578,6,31.1,66.7,44.4,0.401,4.06,36.4
Kanyakumari,8.0278,77.5183,6,30.9,71.7,92.1,0.38,6.09,40.2
Kanyakumari,8.1064,77.6757,6,29.5,69.9,65.8,0.542,4.3,41.0
Kanyakumari,8.1325,77.4808,6,29.8,73.6,47.2,0.484,5.09,40.1
Kanyakumari,8.0608,77.5291,6,30.9,73.9,87.2,0.461,4.86,37.6
Kanyakumari,7.9443,77.6789,6,29.5,68.3,79.4,0.328,6.53,43.0
Kanyakumari,7.9584,77.4811,6,28.5,74.0,58.0,0.363,6.39,42.1
Kanyakumari,8.1255,77.4706,6,30.8,70.3,63.2,0.36,5.21,37.7
Kanyakumari,8.1175,77.516,7,30.6,67.8,21.5,0.511,6.59,46.8
Kanyakumari,8.1031,77.4439,7,31.2,73.4,57.4,0.581,5.6,42.8
Kanyakumari,8.1143,77.6107,7,29.6,71.7,70.1,0.457,5.09,40.4
Kanyakumari,7.9743,77.4251,7,30.4,69.0,54.8,0.396,6.49,43.4
Kanyakumari,7.9493,77.4411,7,29.6,74.2,71.7,0.377,5.8,39.6
Kanyakumari,8.0518,77.4141,7,28.9,68.5,86.2,0.439,5.68,43.7
Kanyakumari,8.0608,77.5741,7,28.5,67.6,30.9,0.378,6.41,45.1
Kanyakumari,8.1276,77.4328,7,30.9,75.6,58.9,0.306,6.58,38.2
Kanyakumari,7.9552,77.5605,7,30.9,75.0,52.6,0.409,5.97,39.2
Kanyakumari,7.9571,77.6629,7,30.5,67.4,29.0,0.52,6.8,47.9
Kanyakumari,8.0866,77.6287,8,31.2,75.3,40.1,0.565,4.71,39.0
Kanyakumari,7.9667,77.622,8,29.3,71.8,51.2,0.525,4.71,41.2
Kanyakumari,8.0569,77.4233,8,28.9,75.7,55.2,0.376,5.77,39.5
Kanyakumari,8.0771,77.4924,8,31.2,69.2,53.9,0.505,6.89,46.4
Kanyakumari,8.1938,77.6611,8,29.4,73.2,85.7,0.306,6.9,41.7
Kanyakumari,8.1117,77.6324,8,30.3,75.4,75.3,0.537,4.72,39.1
Kanyakumari,8.0958,77.4728,8,31.2,69.6,85.0,0.337,6.6,41.2
Kanyakumari,8.1873,77.4965,8,31.1,69.9,98.2,0.377,4.27,35.2
Kanyakumari,8.1768,77.4506,8,29.0,74.9,93.3,0.489,6.64,45.2
Kanyakumari,8.16,77.5019,8,28.4,74.7,85.9,0.582,5.41,44.5
Kanyakumari,8.0539,77.6323,9,30.5,74.8,85.6,0.547,6.1,43.5
Kanyakumari,8.0819,77.4856,9,30.1,74.1,79.0,0.436,4.08,35.4
Kanyakumari,7.9456,77.5725,9,30.2,73.9,30.9,0.42,5.88,40.4
Kanyakumari,8.0241,77.4047,9,28.8,71.2,97.6,0.549,6.29,47.3
Kanyakumari,8.1841,77.5857,9,30.7,69.2,58.3,0.521,4.78,41.0
Kanyakumari,8.1362,77.628,9,30.7,68.0,53.2,0.355,6.63,42.9
Kanyakumari,8.2134,77.6453,9,29.0,75.5,93.8,0.494,5.88,42.8
Kanyakumari,8.2021,77.6722,9,28.9,73.0,33.5,0.42,5.29,40.3
Kanyakumari,8.008,77.4067,9,29.4,75.5,29.4,0.516,5.31,41.2
Kanyakumari,8.206,77.5161,9,30.4,67.2,77.1,0.357,6.59,43.4
Kanyakumari,8.1646,77.4664,10,29.8,67.3,271.3,0.48,6.99,48.2
Kanyakumari,8.0149,77.5832,10,29.6,70.1,129.2,0.387,4.79,38.4
Kanyakumari,8.1153,77.6522,10,29.4,72.8,191.6,0.303,4.4,34.3
Kanyakumari,8.027,77.5879,10,30.4,73.1,241.7,0.521,4.77,39.7
Kanyakumari,7.9586,77.3976,10,29.3,68.3,281.6,0.599,6.82,50.8
Kanyakumari,8.2202,77.5595,10,30.6,66.5,150.7,0.486,4.91,41.7
Kanyakumari,8.0484,77.4913,10,31.2,71.6,216.1,0.378,5.51,38.1
Kanyakumari,8.2091,77.6434,10,28.7,69.2,206.1,0.343,4.35,37.2
Kanyakumari,7.9432,77.4184,10,31.0,74.3,249.6,0.578,4.85,40.3
Kanyakumari,8.1931,77.5639,10,30.6,68.6,162.6,0.568,4.95,43.0
Kanyakumari,8.2284,77.6091,11,28.8,74.5,231.5,0.539,4.16,39.4
Kanyakumari,7.9746,77.449,11,28.4,68.6,241.2,0.431,6.99,47.9
Kanyakumari,8.2082,77.3922,11,29.4,73.1,197.0,0.448,6.54,44.2
Kanyakumari,8.1901,77.4171,11,28.6,74.7,136.1,0.35,5.53,38.9
Kanyakumari,8.0118,77.6473,11,30.1,71.8,294.3,0.458,5.71,41.8
Kanyakumari,8.0549,77.4031,11,30.6,72.8,277.5,0.308,6.04,38.1
Kanyakumari,8.1342,77.4983,11,30.1,75.5,267.4,0.346,4.24,33.1
Kanyakumari,8.1792,77.5779,11,29.7,75.6,218.8,0.302,6.91,40.3
Kanyakumari,8.1269,77.6653,11,29.3,73.3,246.9,0.587,5.71,45.2
Kanyakumari,7.9934,77.3946,11,30.3,69.2,111.1,0.321,6.86,42.6
Kanyakumari,8.0444,77.4997,12,25.9,75.7,273.1,0.327,6.56,43.5
Kanyakumari,7.9789,77.6138,12,26.2,73.5,230.8,0.336,5.47,41.2
Kanyakumari,8.0597,77.6219,12,26.3,72.8,126.3,0.5,6.5,48.6
Kanyakumari,8.0838,77.5269,12,28.0,70.8,212.6,0.427,6.27,45.2
Kanyakumari,8.1733,77.5642,12,26.6,70.3,108.1,0.403,5.39,43.5
Kanyakumari,7.9973,77.5859,12,25.8,71.0,225.9,0.457,4.87,43.5
Kanyakumari,8.0612,77.6522,12,26.8,67.5,125.6,0.571,6.52,52.0
Kanyakumari,8.0869,77.4686,12,25.5,66.8,109.0,0.332,5.27,42.9
Kanyakumari,7.9583,77.5783,12,27.0,68.5,151.0,0.325,5.51,42.2
Kanyakumari,7.9642,77.5785,12,25.9,67.8,178.6,0.325,6.63,46.8
Trichy,10.7293,78.7262,1,33.4,53.7,18.7,0.153,6.9,32.6
Trichy,10.9014,78.6062,1,32.6,54.5,18.1,0.274,4.32,29.0
Trichy,10.8003,78.5518,1,32.4,48.7,14.3,0.238,6.61,32.9
Trichy,10.9297,78.7306,1,33.5,53.2,29.2,0.172,6.02,30.1
Trichy,10.8471,78.6685,1,33.0,48.3,0.4,0.122,4.05,21.5
Trichy,10.9312,78.8077,1,32.7,53.5,19.5,0.187,5.88,31.0
Trichy,10.877,78.6073,1,33.0,51.6,14.2,0.104,4.5,23.7
Trichy,10.6857,78.7608,1,34.9,51.7,25.8,0.217,4.6,25.0
Trichy,10.8108,78.8002,1,32.2,47.1,18.9,0.243,6.94,33.5
Trichy,10.8946,78.7711,1,33.8,52.5,8.7,0.197,5.46,28.5
Trichy,10.8173,78.7334,2,34.1,55.2,14.6,0.243,5.58,30.8
Trichy,10.7666,78.6448,2,32.2,55.9,12.5,0.195,5.48,31.5
Trichy,10.9217,78.654,2,34.1,47.2,8.6,0.138,5.03,23.3
Trichy,10.7096,78.6159,2,34.8,50.4,18.1,0.268,5.97,30.0
Trichy,10.6793,78.638,2,34.2,56.6,25.0,0.235,6.2,32.9
Trichy,10.8788,78.7899,2,34.6,53.2,8.5,0.25,6.0,30.9
Trichy,10.6787,78.6098,2,33.9,48.0,12.5,0.299,4.91,27.5
Trichy,10.7028,78.5641,2,32.1,55.8,10.7,0.132,6.48,33.0
Trichy,10.9083,78.5596,2,32.2,51.3,18.5,0.124,4.67,25.4
Trichy,10.7173,78.6521,2,33.1,47.5,26.3,0.153,4.45,23.1
Trichy,10.847,78.7046,3,40.7,54.1,27.8,0.188,5.37,26.4
Trichy,10.8925,78.5833,3,38.5,53.1,23.5,0.289,6.47,31.9
Trichy,10.6526,78.5816,3,40.6,55.7,27.3,0.131,4.88,24.2
Trichy,10.7725,78.7018,3,41.0,48.0,19.4,0.167,4.41,20.6
Trichy,10.8946,78.6817,3,39.7,54.7,7.4,0.262,5.02,27.5
Trichy,10.7915,78.5756,3,39.5,54.5,10.8,0.233,4.45,25.0
Trichy,10.8661,78.6765,3,39.0,55.0,12.4,0.182,5.38,26.7
Trichy,10.8957,78.7884,3,39.5,47.3,4.4,0.102,6.42,24.7
Trichy,10.9231,78.5754,3,39.3,56.8,4.9,0.112,6.28,28.4
Trichy,10.8381,78.7424,3,41.7,47.6,18.9,0.243,5.98,27.1
Trichy,10.7959,78.6387,4,39.7,53.8,16.6,0.161,6.23,28.2
Trichy,10.9128,78.5524,4,39.2,52.3,27.6,0.24,5.34,26.9
Trichy,10.7015,78.7133,4,41.2,53.5,20.9,0.278,6.34,31.4
Trichy,10.7614,78.6092,4,39.3,47.4,10.0,0.245,6.22,27.7
Trichy,10.6778,78.8476,4,39.2,47.9,16.6,0.204,6.27,27.1
Trichy,10.688,78.5584,4,41.2,52.9,7.2,0.255,6.18,30.1
Trichy,10.9361,78.5831,4,38.3,50.7,18.8,0.171,4.14,21.0
Trichy,10.8353,78.5874,4,39.2,54.4,13.6,0.297,6.42,32.4
Trichy,10.9367,78.7197,4,41.6,53.3,16.0,0.219,5.05,26.0
Trichy,10.7254,78.7854,4,40.9,53.7,21.4,0.204,4.74,24.8
Trichy,10.7384,78.7247,5,41.3,50.6,2.9,0.242,6.49,29.8
Trichy,10.6646,78.5687,5,41.6,51.8,13.4,0.174,5.58,25.8
Trichy,10.8165,78.7057,5,39.6,49.6,15.0,0.185,5.32,24.4
Trichy,10.9193,78.6969,5,41.9,55.2,4.3,0.125,6.13,27.6
Trichy,10.6788,78.7614,5,41.5,48.2,6.4,0.195,6.24,26.9
Trichy,10.9232,78.6608,5,41.9,53.0,12.3,0.124,5.72,25.5
Trichy,10.6521,78.596,5,39.5,56.9,9.1,0.197,6.37,30.8
Trichy,10.6826,78.7269,5,38.2,55.9,26.7,0.143,6.46,29.3
Trichy,10.7866,78.5867,5,39.4,55.7,12.5,0.215,5.7,28.7
Trichy,10.9101,78.7844,5,40.0,54.2,18.2,0.252,5.51,28.5
Trichy,10.7783,78.685,6,36.4,55.7,46.0,0.26,5.99,30.8
Trichy,10.7629,78.6198,6,36.2,52.4,96.6,0.278,6.21,30.5
Trichy,10.8338,78.8098,6,37.2,52.7,83.7,0.241,5.68,28.2
Trichy,10.6771,78.7178,6,35.6,53.2,66.1,0.111,5.71,25.6
Trichy,10.6968,78.6928,6,37.7,48.2,94.9,0.136,4.06,18.8
Trichy,10.876,78.6236,6,37.2,55.9,55.5,0.261,5.82,30.4
Trichy,10.7605,78.5635,6,37.6,47.2,55.0,0.183,6.58,27.2
Trichy,10.7352,78.6272,6,35.4,48.0,33.5,0.129,4.77,21.3
Trichy,10.6669,78.642,6,36.3,48.7,69.2,0.165,4.08,19.9
Trichy,10.6576,78.667,6,36.0,51.1,45.9,0.175,6.48,28.3
Trichy,10.6763,78.6108,7,37.3,52.9,59.4,0.25,5.16,26.9
Trichy,10.6745,78.5682,7,36.4,51.1,58.7,0.181,4.7,23.1
Trichy,10.9058,78.6307,7,37.9,53.8,39.7,0.211,6.36,29.9
Trichy,10.7314,78.672,7,35.3,53.4,36.3,0.294,5.12,28.8
Trichy,10.9356,78.7846,7,36.7,51.2,92.9,0.19,4.0,21.2
Trichy,10.7794,78.7988,7,35.9,56.7,20.0,0.287,5.45,30.3
Trichy,10.8194,78.8018,7,36.2,50.5,70.6,0.217,5.53,26.2
Trichy,10.6536,78.7718,7,36.7,50.0,51.6,0.125,4.42,20.4
Trichy,10.8069,78.6338,7,36.3,53.1,96.6,0.164,6.05,27.5
Trichy,10.7428,78.6284,7,37.3,51.5,39.7,0.297,5.02,27.1
Trichy,10.7779,78.7299,8,35.1,53.9,71.7,0.1,5.43,25.3
Trichy,10.9104,78.7518,8,36.3,56.0,76.3,0.252,5.61,29.6
Trichy,10.8762,78.7447,8,35.3,47.3,86.6,0.234,6.02,27.5
Trichy,10.7459,78.7938,8,37.5,50.6,34.2,0.254,6.09,28.9
Trichy,10.6425,78.6888,8,37.9,51.4,37.7,0.104,4.84,21.7
Trichy,10.9164,78.6573,8,35.3,53.1,44.3,0.244,4.7,26.1
Trichy,10.7881,78.6589,8,35.9,56.0,76.6,0.142,4.59,23.8
Trichy,10.8863,78.6688,8,37.7,52.7,59.5,0.21,5.98,28.3
Trichy,10.8097,78.7547,8,36.7,47.7,30.3,0.113,4.78,20.2
Trichy,10.811,78.6184,8,36.6,54.8,35.3,0.236,6.98,32.7
Trichy,10.8479,78.7099,9,35.8,52.6,56.3,0.288,5.92,30.2
Trichy,10.9229,78.5656,9,37.9,51.3,99.6,0.155,6.04,26.5
Trichy,10.78,78.6584,9,37.3,55.8,38.0,0.156,5.26,26.0
Trichy,10.7747,78.5515,9,35.6,47.8,65.7,0.105,6.21,24.8
Trichy,10.9334,78.6771,9,35.3,49.5,33.2,0.162,5.88,26.2
Trichy,10.669,78.694,9,37.5,52.9,70.1,0.167,4.75,23.6
Trichy,10.6724,78.6215,9,36.1,47.5,46.7,0.259,6.83,30.0
Trichy,10.8727,78.7359,9,37.3,53.3,66.3,0.117,4.18,20.8
Trichy,10.65,78.644,9,37.6,47.7,30.2,0.284,5.33,26.2
Trichy,10.7304,78.7379,9,35.2,53.8,64.7,0.159,5.14,25.7
Trichy,10.6687,78.7756,10,35.7,53.0,231.9,0.102,5.15,23.5
Trichy,10.8785,78.814,10,36.9,50.4,287.5,0.257,5.36,26.7
Trichy,10.7385,78.6077,10,35.4,53.0,113.5,0.258,4.58,26.0
Trichy,10.812,78.7412,10,35.8,51.2,244.9,0.189,4.73,23.6
Trichy,10.8791,78.5681,10,36.0,51.4,291.9,0.251,4.93,25.6
Trichy,10.9056,78.7826,10,35.5,50.1,168.6,0.174,4.02,21.0
Trichy,10.8159,78.7535,10,35.2,52.1,267.0,0.272,5.27,28.2
Trichy,10.6986,78.6101,10,37.8,54.9,168.3,0.234,6.08,30.1
Trichy,10.9346,78.7299,10,36.0,52.8,292.6,0.223,5.26,26.5
Trichy,10.6887,78.6863,10,37.4,47.4,143.9,0.101,4.67,19.5
Trichy,10.7091,78.7372,11,35.8,54.3,290.5,0.166,6.22,28.7
Trichy,10.7016,78.6053,11,38.0,50.6,114.7,0.106,4.35,19.9
Trichy,10.7272,78.6083,11,36.8,54.7,108.8,0.106,4.59,22.3
Trichy,10.6922,78.8156,11,37.2,50.4,210.9,0.136,4.06,19.7
Trichy,10.8929,78.8232,11,35.1,53.8,175.8,0.257,4.33,25.9
Trichy,10.9208,78.6415,11,35.8,55.1,232.2,0.288,6.93,34.2
Trichy,10.9393,78.8145,11,37.7,47.7,128.9,0.285,6.38,29.4
Trichy,10.6975,78.6635,11,36.2,53.0,295.4,0.149,4.14,21.3
Trichy,10.8248,78.6067,11,36.7,54.9,165.5,0.111,6.39,27.9
Trichy,10.9019,78.8055,11,38.0,55.9,141.8,0.116,5.41,25.5
Trichy,10.8391,78.5695,12,33.6,54.5,229.0,0.202,5.5,29.7
Trichy,10.7793,78.6465,12,33.2,53.9,243.1,0.199,4.81,27.7
Trichy,10.7603,78.8264,12,33.8,47.4,143.9,0.141,6.59,28.4
Trichy,10.7588,78.6418,12,34.7,52.7,287.1,0.175,5.65,27.7
Trichy,10.6803,78.5752,12,33.4,50.5,216.8,0.193,5.86,29.2
Trichy,10.7678,78.6903,12,33.3,55.0,163.4,0.176,4.54,26.7
Trichy,10.7101,78.7436,12,33.1,47.8,268.5,0.203,5.93,28.9
Trichy,10.8758,78.828,12,32.3,47.7,107.7,0.14,4.59,24.1
Trichy,10.7388,78.6408,12,34.5,53.8,154.9,0.241,6.99,34.0
Trichy,10.9395,78.7757,12,34.3,56.1,101.7,0.16,6.47,31.5
Thanjavur,10.8649,79.1011,1,32.6,57.8,19.7,0.442,5.54,38.2
Thanjavur,10.8583,79.0248,1,32.6,54.3,22.5,0.442,5.55,36.8
Thanjavur,10.8658,79.2073,1,33.5,56.6,23.8,0.394,4.56,32.7
Thanjavur,10.861,79.1894,1,32.0,56.5,16.8,0.412,5.73,38.1
Thanjavur,10.6685,79.263,1,31.4,60.1,25.0,0.402,5.26,38.5
Thanjavur,10.8357,79.101,1,33.7,57.4,9.8,0.307,6.36,36.0
Thanjavur,10.9066,79.0261,1,34.2,55.3,18.9,0.481,5.82,37.4
Thanjavur,10.8901,79.2741,1,32.0,55.9,16.0,0.357,4.33,32.3
Thanjavur,10.8009,79.1155,1,34.1,52.9,3.1,0.466,4.1,31.0
Thanjavur,10.8367,79.1266,1,31.9,52.7,28.9,0.385,4.7,32.9
Thanjavur,10.8279,79.001,2,31.6,57.2,5.2,0.558,5.23,40.9
Thanjavur,10.6771,79.0132,2,33.0,56.8,2.1,0.587,6.6,44.2
Thanjavur,10.669,79.0417,2,32.7,59.1,14.2,0.481,6.82,43.4
Thanjavur,10.8062,79.1307,2,33.4,54.8,0.2,0.343,4.19,29.7
Thanjavur,10.7498,79.2223,2,33.0,61.1,26.4,0.438,5.73,39.6
Thanjavur,10.8512,79.0664,2,34.0,56.6,21.0,0.513,4.89,36.2
Thanjavur,10.8139,79.223,2,31.9,54.5,27.0,0.52,5.37,39.0
Thanjavur,10.9032,79.035,2,33.1,55.9,28.4,0.372,6.61,38.4
Thanjavur,10.7121,79.1684,2,32.3,61.2,20.9,0.517,4.65,39.1
Thanjavur,10.778,79.2777,2,33.0,62.0,2.3,0.332,6.3,39.0
Thanjavur,10.7278,79.1153,3,38.4,57.1,13.9,0.322,6.08,33.1
Thanjavur,10.8549,79.0943,3,40.4,60.6,11.9,0.303,4.34,28.9
Thanjavur,10.9051,79.0781,3,40.4,56.8,2.0,0.465,4.73,32.5
Thanjavur,10.915,79.0221,3,40.7,60.4,5.1,0.305,4.3,28.7
Thanjavur,10.7182,79.1404,3,38.9,52.8,22.9,0.503,4.46,31.1
Thanjavur,10.7374,79.045,3,37.5,58.8,6.5,0.509,6.51,39.8
Thanjavur,10.8735,79.1723,3,40.2,61.0,11.7,0.392,4.16,30.7
Thanjavur,10.6314,79.2117,3,40.4,61.3,11.2,0.372,4.27,30.6
Thanjavur,10.7565,79.2768,3,38.7,53.9,20.1,0.366,6.65,34.7
Thanjavur,10.8691,79.2291,3,38.1,53.7,12.5,0.332,4.98,28.7
Thanjavur,10.7986,79.0369,4,38.2,57.4,28.2,0.336,4.64,29.3
Thanjavur,10.737,79.0321,4,39.0,55.2,11.7,0.438,4.2,29.6
Thanjavur,10.8745,79.175,4,38.9,52.7,6.6,0.39,5.8,32.2
Thanjavur,10.9249,79.0105,4,39.5,61.9,25.5,0.351,6.88,38.2
Thanjavur,10.81,79.2744,4,40.2,58.8,29.2,0.508,5.0,35.2
Thanjavur,10.8206,79.2452,4,38.7,60.5,14.5,0.401,5.83,35.7
Thanjavur,10.8055,79.0947,4,39.9,54.3,17.6,0.597,4.7,34.7
Thanjavur,10.8149,79.249,4,38.6,59.4,22.7,0.486,4.18,32.4
Thanjavur,10.7424,79.069,4,38.0,54.0,1.1,0.577,5.79,37.4
Thanjavur,10.9138,79.2018,4,38.7,54.8,19.3,0.528,5.56,35.8
Thanjavur,10.9233,79.1744,5,38.5,52.2,25.4,0.399,4.73,29.0
Thanjavur,10.7918,79.252,5,40.0,54.5,20.6,0.516,5.82,36.2
Thanjavur,10.7444,79.0765,5,39.1,52.1,26.1,0.321,4.58,26.6
Thanjavur,10.8203,79.0225,5,38.2,52.9,17.8,0.549,6.8,39.3
Thanjavur,10.7009,79.0034,5,40.3,55.1,21.7,0.373,4.53,29.0
Thanjavur,10.7047,79.0656,5,39.2,58.4,8.2,0.534,4.24,33.4
Thanjavur,10.9218,79.0995,5,38.1,56.4,15.2,0.52,6.28,38.4
Thanjavur,10.8759,79.2181,5,37.5,55.8,25.6,0.528,6.76,39.8
Thanjavur,10.8086,79.0258,5,40.3,54.6,13.9,0.436,5.13,32.1
Thanjavur,10.8118,79.0016,5,37.9,56.7,4.6,0.357,4.04,27.7
Thanjavur,10.7802,79.1976,6,35.9,61.3,95.2,0.591,5.12,38.8
Thanjavur,10.7769,79.1723,6,36.1,56.1,23.1,0.576,5.15,36.3
Thanjavur,10.7997,79.0383,6,35.7,54.6,93.0,0.517,5.53,35.6
Thanjavur,10.7766,79.1865,6,36.5,58.5,94.1,0.521,4.73,34.6
Thanjavur,10.6404,79.2239,6,36.3,58.8,75.8,0.494,4.78,34.2
Thanjavur,10.7666,79.1843,6,35.1,58.0,96.1,0.552,4.04,34.0
Thanjavur,10.8613,79.1733,6,37.1,56.0,66.9,0.57,5.56,37.3
Thanjavur,10.6866,79.1069,6,36.9,54.5,44.2,0.59,5.98,38.5
Thanjavur,10.7448,79.0724,6,35.6,60.8,78.2,0.327,5.91,34.6
Thanjavur,10.863,79.0833,6,34.8,59.5,94.4,0.419,4.92,34.3
Thanjavur,10.9261,79.2249,7,34.4,52.7,75.7,0.457,5.96,36.0
Thanjavur,10.8499,79.0312,7,35.5,59.0,35.8,0.355,6.85,37.5
Thanjavur,10.7652,79.2243,7,34.9,52.6,34.6,0.528,4.78,33.7
Thanjavur,10.9007,79.1026,7,36.3,58.2,89.5,0.35,4.88,30.7
Thanjavur,10.7433,79.063,7,35.4,57.9,58.2,0.502,4.3,33.2
Thanjavur,10.6483,79.2055,7,34.4,57.8,99.0,0.329,5.57,33.6
Thanjavur,10.6322,79.1609,7,37.3,59.6,94.6,0.442,5.01,33.9
Thanjavur,10.7588,79.0912,7,37.1,62.0,85.3,0.582,6.0,41.3
Thanjavur,10.7435,78.9972,7,35.4,55.3,28.0,0.437,6.09,35.9
Thanjavur,10.8476,79.2464,7,34.8,58.0,89.5,0.384,6.1,36.3
Thanjavur,10.8745,79.0905,8,36.2,58.6,58.0,0.424,4.56,31.7
Thanjavur,10.9259,79.2673,8,36.8,52.2,48.8,0.314,6.42,32.0
Thanjavur,10.7277,79.1133,8,36.2,56.0,69.0,0.324,5.28,30.4
Thanjavur,10.9094,79.2593,8,37.3,60.6,92.4,0.52,4.88,35.9
Thanjavur,10.6885,79.0229,8,35.9,57.7,88.5,0.451,4.38,31.6
Thanjavur,10.869,79.0704,8,36.4,57.5,90.0,0.35,5.34,31.8
Thanjavur,10.6647,79.1788,8,35.1,54.1,80.3,0.498,4.27,31.8
Thanjavur,10.7605,79.1947,8,34.9,61.3,92.2,0.53,4.66,36.9
Thanjavur,10.7073,79.1229,8,37.1,53.2,30.9,0.46,6.18,35.3
Thanjavur,10.6571,79.1875,8,37.0,61.3,81.3,0.48,5.93,38.3
Thanjavur,10.7431,79.1952,9,36.6,55.8,71.4,0.469,6.57,37.7
Thanjavur,10.8725,79.0471,9,34.7,52.9,27.1,0.522,6.81,39.9
Thanjavur,10.8534,79.0148,9,35.5,60.5,96.3,0.473,4.01,32.5
Thanjavur,10.6486,79.1407,9,36.9,61.8,45.6,0.41,6.04,37.1
Thanjavur,10.869,79.1359,9,36.2,54.2,51.6,0.461,5.38,33.4
Thanjavur,10.6734,79.2629,9,36.9,57.0,56.5,0.48,4.44,32.1
Thanjavur,10.8296,79.2204,9,36.5,58.0,44.7,0.597,4.37,35.2
Thanjavur,10.9291,79.192,9,35.8,60.3,59.6,0.511,5.13,36.5
Thanjavur,10.9243,79.0799,9,36.9,54.1,78.6,0.543,6.1,37.5
Thanjavur,10.6458,79.2396,9,34.9,56.9,51.3,0.595,5.98,40.7
Thanjavur,10.8846,79.2773,10,36.0,55.4,235.6,0.597,6.27,39.9
Thanjavur,10.7473,79.1384,10,35.2,59.0,139.0,0.557,5.18,37.9
Thanjavur,10.6693,79.2057,10,36.1,60.1,270.0,0.513,5.37,37.0
Thanjavur,10.6791,79.0213,10,36.5,54.9,129.0,0.365,6.25,33.8
Thanjavur,10.8506,78.9827,10,36.6,57.8,235.7,0.597,4.44,35.4
Thanjavur,10.9151,79.1081,10,36.9,61.3,119.2,0.592,4.54,36.9
Thanjavur,10.6457,79.2741,10,36.3,57.9,293.9,0.488,5.21,35.0
Thanjavur,10.6402,79.0523,10,35.8,58.9,290.9,0.496,5.13,35.5
Thanjavur,10.8375,79.2186,10,36.4,59.8,273.0,0.495,4.83,34.8
Thanjavur,10.826,79.0902,10,34.7,52.8,197.8,0.501,5.53,35.5
Thanjavur,10.6369,79.1519,11,36.1,54.7,249.1,0.538,4.54,33.0
Thanjavur,10.7753,79.1734,11,35.7,57.7,119.9,0.319,6.73,35.5
Thanjavur,10.8686,79.0355,11,36.8,52.2,211.2,0.461,6.44,35.7
Thanjavur,10.7766,79.1357,11,36.1,59.1,258.0,0.337,6.26,34.8
Thanjavur,10.9197,79.2493,11,34.9,58.0,136.0,0.466,6.4,39.2
Thanjavur,10.6669,79.0186,11,35.0,53.6,212.5,0.555,4.11,32.6
Thanjavur,10.924,79.1318,11,35.5,57.4,184.6,0.584,4.0,34.0
Thanjavur,10.7202,79.2639,11,35.9,59.8,231.8,0.433,5.73,36.1
Thanjavur,10.8385,79.1368,11,37.3,55.5,207.6,0.363,4.3,28.2
Thanjavur,10.8759,79.0511,11,34.9,55.0,266.5,0.587,5.81,39.2
Thanjavur,10.6948,79.0877,12,31.8,58.2,114.9,0.376,5.15,36.3
Thanjavur,10.9011,79.1,12,31.6,54.5,185.1,0.508,5.61,39.7
Thanjavur,10.6512,79.1998,12,34.4,59.0,138.5,0.412,5.97,37.4
Thanjavur,10.8762,79.1615,12,32.6,53.5,298.5,0.43,4.08,31.8
Thanjavur,10.8111,79.0033,12,31.8,53.1,209.7,0.32,5.92,35.2
Thanjavur,10.7388,79.0801,12,32.2,60.7,145.2,0.303,5.13,35.0
Thanjavur,10.9206,79.0936,12,31.7,61.3,135.1,0.518,4.92,40.5
Thanjavur,10.8764,79.1269,12,33.0,59.0,273.1,0.465,5.82,39.7
Thanjavur,10.899,79.0312,12,34.2,55.9,169.0,0.522,6.9,41.9
Thanjavur,10.7895,79.1584,12,33.9,56.8,125.5,0.303,5.54,33.0
