lat,lng,month,success,timestamp
12.924260634987867,80.0921629741788,4,1,2026-04-04T10:04:48.101Z
13.277372689908319,80.12145990505817,4,1,2026-04-04T10:07:13.104Z
12.991176693830345,79.84130853787065,4,1,2026-04-04T10:07:17.286Z
12.221917732187263,79.4897458702326,4,1,2026-04-04T10:07:22.319Z
11.619954780767053,79.6957396902144,4,1,2026-04-04T10:07:26.898Z
11.461182579422236,79.6682738699019,4,1,2026-04-04T10:07:30.415Z
9.568251019008402,78.3837889507413,4,1,2026-04-04T10:07:37.094Z
9.646784719863405,78.12744135037065,4,1,2026-04-04T10:07:41.074Z
9.294596344794442,78.05053705349566,4,1,2026-04-04T10:07:44.970Z
8.426187168471586,77.50122064724566,4,1,2026-04-04T10:08:09.512Z
13.001590682188123,79.33106111225331,4,1,2026-04-04T10:32:51.537Z
10.973549898080215,78.7353514507413,4,1,2026-04-04T10:33:06.909Z
11.14606637590688,78.9331053569913,4,1,2026-04-04T10:54:55.835Z
11.356182392375539,79.24804681912065,4,1,2026-04-04T10:55:14.049Z
13.051831,80.096046,4,1,2026-04-04T11:01:36.046Z
13.051816086654062,80.09604005427045,4,1,2026-04-04T11:04:08.457Z
13.051816086654062,80.09604005427045,4,1,2026-04-04T11:04:16.474Z
13.05105128346916,80.09695529850433,4,1,2026-04-04T11:04:54.859Z
13.051816972423431,80.09601498419873,4,1,2026-04-04T11:07:57.409Z
13.051816972423431,80.09601498419873,4,1,2026-04-04T11:08:05.467Z
13.051811292925827,80.0959694455351,4,1,2026-04-04T11:09:50.714Z
13.051812425563373,80.09597595630764,4,1,2026-04-04T11:11:30.484Z
13.051816229191973,80.09604425887325,4,1,2026-04-04T13:06:05.228Z
13.051816229191973,80.09604425887325,4,1,2026-04-04T13:06:05.304Z
13.110308577283966,80.10590698380075,4,1,2026-04-05T11:49:37.881Z
12.887281813404671,80.11236190446654,4,1,2026-04-05T11:50:17.155Z
